,POOL_NAME,POOL_ADDRESS
0,EKTA v2/USDT,0x373345c3efa3fd836ad1d54afbd3c5eb86e12120
1,NRCH/WBNB,0x8cc8605f2b54852b54a77b7e9711bb1156581ee9
2,WBNB/PDT,0x6e688d5ef7b1ebfd4fa091def824936cd2a790c6
3,ARV/WBNB,0x9f38bf589be2e10ad45ced55afa50d668aeba2ee
4,WBNB/BW3,0x4511f77d2b513c7390b6e91753f8b3c2e50e45fb
5,WBNB/ICE,0x51f914a192a97408d991fdddafb8f8537c5ffb0a
6,BFHT/WBNB,0x3540295c69987f92659ec0e3a38d2523212a850f
7,BITT/WBNB,0x8c48a72af326df23e5c16f8858a66edd56c64a6f
8,USDT/WBNB,0x2905817b020fd35d9d09672946362b62766f0d69
9,RTO/WBNB,0x136a13f3ce23398719933232827b4b2f95af0969
10,MUFC/WBNB,0xfe94d715bb75ee343b70e687a44d2efda1f13b64
11,GERA/BUSD,0x9e6582d581ca6db04efd7e172c068bc81ee0a3f5
12,META/WBNB,0xba1b731a66f08300d8c893e23f29344f4a187c3d
13,BABBC/BUSD,0x1f4d52ba2b589044c1e2c294f3579f00c0db609b
14,EAGLE/WBNB,0x17c48af9824970dc91eb12e70a5c2caf25370f47
15,WBNB/EAR,0xf0282b32cc09c6b46f223979df711d73d9402025
16,SUSHI/WBNB,0x96337674d5545f357ba353aaa6312d614dcf20cc
17,SHIRO/WBNB,0xfc37aab2b50810722191a7835882b214ead05dc3
18,WBNB/ULNT,0x4760d79967a397298ec9ff65cec5ee034ee63fef
19,WBNB/BUSD,0xdc558d64c29721d74c4456cfb4363a6e6660a9bb
20,WBNB/HUH,0x938282d4002f6e1a87325449a2e64096b2594494
21,ETH/WBNB,0x6da1ffd9d24e1753d2f46ca53146116c7210b3c5
22,STRM/BUSD,0xa7973cbf8f1693a1a8bb0ecd4b7d7d1026a0dcad
23,WHIRL/WBNB,0x5deea01e8e8677d4dd82c816bcd9e8dfe1f66fb5
24,ETH/HUH,0xa317b66b5a9eb1a9b42e04d6319450141c473cf8
25,USDC/WBNB,0xc7632b7b2d768bbb30a404e13e1de48d1439ec21
26,BTEC/WBNB,0xe5f12d6436b629c7ce1762bc407df7414dbcdfc7
27,PSR/BUSD,0x9da5d9736ef50803aefdad496e52bd74f414a487
28,GRIMACE/USDC,0x6d41ee92b1aa6e3523419514904849d665eae80d
29,WBNB/HASH,0xb17ebd66542070432654d5cd3491e0b4a86e0f63
30,GSTRM/BUSD,0x54b41b0666b216763e510e84748ed0e7e8e18b16
31,SUSHI/HASH,0xf5ff6da3738b399c4d29aa3ad87128ceb62b74ba
32,vsga.cc/WBNB,0x9056424066c2918a629439157e63ee09f013fa0c
33,$PAWS/WBNB,0x910216e31311c870f83ab0c17464c67958500a2e
34,SUSHI/BUSD,0xe0978ef5116084d8a667187f727447b2342cac53
35,STR/WBNB,0x92668470f7d8cad51c101fd896af2a6f8354f2c8
36,USDT/STAND,0x743f80ab068ca64b9d7b3a2fc61f435cd4580388
37,YUZU/USDT,0xb57bafd26b068d50cf3e63949e391824a7a56792
38,SUSHI/CORD,0xb545f71d7969d23388691f0ecd5d08f15780837b
39,ETH/BTCC,0x7430d9aac7ddf415fcd3ea5d3182d09e6a0e6a6e
40,fUSDT/WBNB,0x0e2410d85340b9706dfbe2680be3ad260b491a12
41,ETH/BTCB,0xc06949431e4e88cb50ad4df176dc409ab1c78fe2
42,WBNB/LUCHOW,0x0390c792056ea02aa09b94fb05e703ebd46f3ec3
43,LPK/WBNB,0xe636f3ebcf3f0a3936ef471b699d42345ad9ad1f
44,CMC/BUSD,0xab94d448947a21b2ea115d6924ee509aa7766d78
45,WBNB/REEF,0x22530cf86986ef15f0a59288d37cc8c50efe3123
46,USDC/SUSHI,0xeae7c1e40a165f3771f993508467213cfef2ea0b
47,USDT/BUSD,0x6eaec629b9cfa7acd507c50887c4851507da67e6
48,ADA/WBNB,0x9af6ca1ddd2057cf57d14cfe3e0ae14c21f7064f
49,ODT/USDC,0x940046bc48588856792efc93938f44b13f49a96e
50,ODT/BUSD,0x8b57c24c4de9f6a8b973f4b0e08908a5039a51b1
51,WBNB/MLTP,0x57dc98a8a77d21a87a2ddf9fedbb5eb95fedc6bf
52,POODL/USDT,0x56995f91210851ae4897b2426c215670c4380cc3
53,USDT/MOC,0xba984c51a6dd37dc794b31c42e88150c27270e63
54,FREE/WBNB,0xd665b1059601d1808b8106ce70e9a66addab1329
55,WBNB/rkl,0xb0d1a98c5213d60ab4932779eb695943fe1aeb51
56,USDT/USDC,0x18dd96c4accaff702106b0923f671538a5abe540
57,eQOM/WBNB,0xdc59e194c49a38350c7bde30df5ce0fcc9cedf3a
58,GCME/WBNB,0x8dfd7d8cfcadf35215e415ef040e258ed21e7519
59,WBNB/UNI,0x8c213a1479fc94d0f7af4c4e9129ba8e4b318352
60,SHWA/WBNB,0xc854ae5a6b6dd45c933e16435dfca62a391423ad
61,maml/WBNB,0xea123ca5e2924ec7f249175716368bf6c27f6b77
62,SPYX/WBNB,0x91fa1a248661642edad1fb8c210186539cade1f2
63,BW3/WBNB,0x77256bae59323fb7d217c7df15979cafdd93a8f3
64,CR7/WBNB,0xa8e2cd0d01964137c995fbb777114fb9812cdd7d
65,ETH/USDT,0x5af4859f62edb197887da2919ed185a89771826c
66,WNYC/WBNB,0xa6e93e55e40639f7337914f2fd09c7dcd81a1a6c
67,HOTCROSS/BUSD,0x1a126f39d78f43a4c1a2efafe63826dc0111825b
68,USDT/RJM-USD,0x05ee8f0360aaec1d4e2929a67f6aad827916d461
69,BTCBR/WBNB,0xd309c1fab3bdc9bbe1c2ff526ddd23440dd26568
70,WBNB/SafeMoonArmy,0x59d67bbb9c8f361618074fffe0f2ada3a4c6bd05
71,Cake/SUSHI,0xd03b21581a9147630dec4b3fd1c5457e73cfcea3
72,MGGP/WBNB,0x5f8f4f423c75b6c50d814c874ac7df55b2ddf3d6
73,MTB/WBNB,0xab076b0a0814b4321d24cae02585c8c12bfa5296
74,ETH/COMP,0xa1f844aefb58fcfc2d470d9e41b97177a61b0ba7
75,WBNB/ANK,0x897af2611da441dda6c6ec7e04a584799fe7d331
76,Cake/WBNB,0x70a164a8eccee2b7a1873af71efdfa82904f937d
77,PROOF/WBNB,0x3f3adec96372aa92775bcf089d2a155158782dd3
78,BUSD/SOURCE,0x5e9f4815d3f1ee2a6a3803fe6002252eac6a997c
79,DMN/BUSD,0x7bd4b87d5bce24aee65bdd99560cb334fea124b6
80,DAI/WBNB,0xe6cf29055e747e95c058f64423d984546540ede5
81,SUSHI/UNI,0x684c64a74d702010c67219f5315655e2077cb921
82,WBNB/TWITTER COIN,0x2fd864345bd5c7dd246d847105f707a7247de8cf
83,WBNB/BOBC,0xf072fee1b3c0d12f8033ef0f164273b14f181eca
84,ETH/HOTCROSS,0xdd83a57db5f97dc011ba7698a094bb76be487fbd
85,WBNB/COG,0x35e67a97edb22fbb2eb89e3a2cced4f29a4a7d70
86,WBNB/COIN,0x255f5ed481e75d061244d498de83405202f0a74c
87,KKK/WBNB,0xdd34b00936bed43a82811aabf902d5c066842990
88,BTCB/WBNB,0xa05eeeb2754117a9f9df75a3d5c0e742bc422b8c
89,ETH/SUSHI,0x3b133155af8bf98ddb5b649a6664fb9b092069a3
90,DOT/SUSHI,0xc87fb909b63499c0895a44d28f34b7e9f2027b38
91,Naruto/WBNB,0x160d46833132fe15cc7c2e9a03a122d9c19ed27f
92,ETH/ZCA,0x4292f61fbee3be750b165b56e8a81617a56f7b43
93,WBNB/TWITTER COIN,0x1af8a4f09450b0c1936ac48bf1d695e8cfa7dcae
94,WBNB/HRT,0xfa18b5b61a4f02abdc3e75c15107d359857c34ad
95,EKTA v2/WBNB,0x69844031653fcce61ca235fe5c71d672518f3e81
96,HOTCROSS/WBNB,0xdb9ff4dc796593ec728f9a30c66b89227ef8aa75
97,ICZ/WBNB,0x6185de16aa98dedb043ebab0073a4bcb1d365ed6
98,CDT/WBNB,0x36c06871c23029ef6afd7d81e30c258db62ceaa3
99,WBNB/GAC,0xd47b38cbbdab14d4f2e89ad7e778eaeb37a0d3f1
100,FBS/WBNB,0x6eb200073875c39cc8cebb1c1ce6471a7da49666
101,FONZI/WBNB,0x06d7486c3739b55adc1898207f3ea8360642656c
102,WBNB/QTM,0x9b46755e7dafaa889363687f11372fadb83879e8
103,IRON/USDC,0x3db199f3c8febad72027f0a15a0b8c1a9ab20f87
104,USHIBA/BUSD,0x1a4b2ff53c116fa991392995933bedffde8e3b20
105,USDT/FBS,0xd7d1be10838c5fe7a60db429e6f3edc6f82030e4
106,YMPA/BUSD,0xa0785f267516de53fefc0e3d0ea480e59ba8e313
107,POSH/WBNB,0x45a73b1fa8858ab524223059f7618ed49a8f63d8
108,MINU/WBNB,0x3ff5d79186dd67a3878a310ab663f5cc20a91f1c
109,WBNB/BIHS,0xbc4b5b997340b6c2b7206a59d6c9e48b84a1de04
110,DOT/WBNB,0x8bc543a03edd67eb454174417f55f020d6fab215
111,ICEB/WBNB,0x196aafb9e97c7886be7965c1f5eca2ae905f68a8
112,TTA/WBNB,0x6962fff412649d6a4ab6b00b9f02e4579f34cebf
113,Cake/WBNB,0x2b84009d37001bc8d41738abb4fe650bbe62e2b1
114,CDS/WBNB,0x29a68023b7887115470c9b9305ca71af62bf8982
115,Helgi/WBNB,0xe8bc1e86b208abb9a977dc79187a69e7620b14db
116,USDT/ALIENO,0xff68a322b16d1e6917f9523f5dc5de608e2661fc
117,fUSDT/BUSD,0x8d11af0fe6f13473cb6deba324d0dc4f6fe55bfb
118,KITTY/WBNB,0x7639067e6bfe0f6d3650bffacd97346ce304fecc
119,WBNB/LFI,0x6c7d2d3ca1d38a16303ff6ab5d3644660ec580c1
120,FMC/WBNB,0xa97e1806ff52573f632f8e5f222a36a7ca1a2799
121,GUEDDY/BUSD,0x25d480711e5ec57a78137f82da95e301f0a164bf
122,CTK/WBNB,0xaf6642391960814369ba855e347f133bf608e97b
123,MOOND/BUSD,0x5e073e9c3425edaaf2c2679f7abd453e2e8ffa1f
124,WBNB/IRON,0x629dff265ca025de86e085cdf1e948899694b45d
125,WBNB/SONE,0x8d5179c570f0b7647e9957469cab31973560e034
126,WBNB/MDT,0x4dd0a4d2726eae914b37f299496570c968ab3915
127,USDT/SZKN2,0xe62769a1866246fab6cfc7c13617b94123ae923f
128,SMALL/WBNB,0x9ecdf7c218cd5ec8dd94ae05f975b2997cb1cd43
129,WBNB/GAL,0xbe228bff606b0eb9891000dcfb50279a0e25e164
130,iBX/BUSD,0x0039b5e58b9f4e3083199e306f8c29e86c01904d
131,WBNB/CCASH,0x68bee34c2ae23d2c84342c8fc31850d7bd410d18
132,VUSD/WBNB,0x183b94f8bd95e21ea5a1fd0a2d08d55aec97e517
133,DENCH/BUSD,0x612a38667934ca340f13903d5c92939ee5bd5e04
134,CPT/BUSD,0x865e155c91618894465d491349d7cbd7982530c4
135,Cake/USDC,0x988a851e51a36f876e440395eb465218deb4f805
136,CR-MCV003/WBNB,0xa8f16f1775d592660d183717015f6850fd122a7d
137,BUSD/METH,0x640dfbb63c0bb888bd50a9d073716caab65193e4
138,XRP/USDT,0x36969bd9a457fb19affdfa508ce6587adb25166a
139,ALPHA/WBNB,0xffcc1111454d4a9bf9320956752e6afe40c79e23
140,AltCoin/WBNB,0x4fa58c3c4939e4a89289b537af2cf8f445acd84c
141,MOCCHI/WBNB,0xf5ff56d3b7e056a9700732e7aa4f4f0efb2802ed
142,Msys/WBNB,0xa3749b9563edf726b1002aea618881c3b654d5fb
143,BUSD/sam,0xf43dca9e38aeaea0fa1ff190f6084d89e57411d4
144,iBX2/BUSD,0x3c809c5b5abafcffacc37b80da251131f0f54731
145,WBNB/METH,0xf56fbff8b5ae516ea621b072ae497cc2f784cd9f
146,USSR/WBNB,0x142063042623c3e5ea784ac4a7f67d48353cd300
147,WBNB/LFE,0xccf97fe042412ff2cc59c96babf74a7d3707010f
148,WBNB/SHRMP,0x8f34858f6288739495490114a3b18f1b69410634
149,WBNB/7RL,0xa128d32f43ac413586e0374e521aeb8ca5df65ea
150,USDT/SUSHI,0x9d8cf1709caab62b5b6e6ce6d560c7a56e6c6bd9
151,ELIA/WBNB,0x878e1ee64ff5bea1f3277661bcdde2dd63877a64
152,USDT/GODC,0x66c5998a73abdbec0f85139385056e562b2949c8
153,DUSK/WBNB,0xe74be1f4ce32672b0b891bf3b32dc5f7f764e349
154,bTOKEN/SUSHI,0x58c83a0da07c79ad58de6414d6df77f2ffec1d78
155,WBNB/ZAAV,0x48e34cfcf1183439b0c1c5c06800ce5d14fe28ff
156,WBNB/SHIB2,0xabbaf1213ceadd9f4c55c79013f5cfcb9f192103
157,USDC/TGR,0xce4aa3d46b79e3e863c98236d495507de11468dc
158,BLM/WBNB,0xc912805a6fd6e96c06279f1a5d1d36fa2dcdebde
159,WBNB/xVON,0xf852b78abfae52594141e39d50c4c702bef6a661
160,WBNB/Excel,0xe1233d0609bd1b004d63a66a77749fca43d00bc9
161,NXETH/WBNB,0x70d1b4677d02f05f8c8f8548a6ed3ba2737c3710
162,SUSHI/SLP,0xb12f041488ab44a175607e04578cd789356f287b
163,HIGH/WBNB,0x9b54d521148dae312dbe26b04d8e9b6affdadf69
164,WBNB/STAND,0x176469e148b4d79ff8ea71e0052facccc2bbb96a
165,UNIC/WBNB,0x6add480a6a9556f9f8d903ff4a45c531170c089a
166,AMLO/SUSHI,0xd6d400583fdd12e76882da124cf9cedba7c394bf
167,ETH/ONT,0x62bafe6fd2becd6a021f3b92c66ebd844b577b69
168,GM/WBNB,0x0d160165e8c933be004a5ff9c63f2dce91dd291d
169,WBNB/ccCLO,0x623017c1f9d57d51d31150db2c572de34c058307
170,KKI/WBNB,0x354e178f1ad12d7900e2c5360e068ce1ddb41017
171,GGR/WBNB,0x24af04e5cfb4eb17fd4349aae6493045cfe5fc06
172,EOS/WBNB,0xc65eda012a83756798fb920c9e0c17d8dec73e59
173,WBNB/GDCN,0x03dd57b107e00ed9eee53b1d1fdd97117ba0b0fa
174,UNIP/WBNB,0x4eb87c8a69e9415e176deac09f39d58e716721a0
175,Msys/BUSD,0x2c35e3535e4b1a900496e833ec239ebe10faf654
176,ella/USDT,0xcf4c69d686ad94741ac5746a85f506a123c9b66f
177,TAG/WBNB,0x257f7b51515ca52fe91d814ee3da3d41cf088784
178,WDFTZ/WBNB,0x12c54d328c504e9a6b65d26ce624ffbf3bbe675d
179,GRX/WBNB,0xbff5a4f551f00f15e8575dc598d6c680540c440c
180,COVT/WBNB,0xfa02f441e0acdd51cc9119c0ef747dcf34f24643
181,SHIVA/WBNB,0xe23b403ad0aa642f3bf10336c4514991a2698f5d
182,WBNB/GGX,0x6a164ae015639e8fba1ab42cb4b4a1d5565538dd
183,GIRL/WBNB,0x6b68170dc1c6d460221290d08533c76a5883b0a7
184,GREE/WBNB,0x4585371ab37dd37ee2918b9753f9b89d6d90f42a
185,BLKC/WBNB,0xbc6680d11fa6949e81f3017e76ee43c7d26f5de4
186,xVON/BUSD,0x1849029bcbbf0a703baa0179fc6fe7d00467eac1
187,ChainCade/WBNB,0x782d2e31e264a20730f235ff86c43821c92f48a3
188,ETH/RTEN,0x96b83266715c54900a673641c45ee846ba700fd7
189,PMON/WBNB,0xc437a0d696b230d24af463f1237173f728378634
190,WBNB/MM,0x05dd37d329835325b3e9ab423d26420ff605f0f1
191,WBNB/TEX,0xdde6a02fd53e9b3cb5985e4dc2f886e7476900a7
192,SAFEMOON/WBNB,0xf1115180ca65792103f960959cbb84509d1c91e3
193,XRP/WBNB,0x3140728926fe90a140b0e9778cef0a351bbd2e31
194,WBNB/wEGG,0xdf3e446eb16a8a8e277bb2f31dc18c3f13093c0a
195,RTEN/WBNB,0xf489c1285ef6c2834b8c201cdcef01b093b40a5c
196,OXTAIL/WBNB,0x37c235c3d6a918cc7d1729eed89f7e3b734f3143
197,WBNB/META,0xab1eb594c416c32c8efd437f0697d8ba28db7126
198,SEAS/WBNB,0x9ca6757e9d44044744a446bda9cf1ef222256f49
199,DAI/USDT,0x6dd0ce12df067241e8af32ea95b70516877d745d
200,PBT/WBNB,0x1cf1b5c792dbeaee8e76a1b8700ef74697ca2557
201,BIT/WBNB,0xac53181ab20b954a94b01b61b13d30bf8c540b37
202,APPL/WBNB,0x6343ebbf0430877e4f1b51dd9759c46ee25db3ad
203,DAI/USDC,0xe6f286f4badfb2e48d6e622f75f411c1db6fa873
204,WBNB/FCBT,0x6579f78e8cfffcb2249191695ec918581ced5b3f
205,HHG/WBNB,0x2d9a002a149a67b4e94b0333a022b1139242333b
206,Cake/BUSD,0x80843d62e4b6952d52405643730e95b69bc4913e
207,ANB/WBNB,0xdee0469f0debe514106cfa940f2638657a2d83c8
208,USDC/DAPF,0x5f1eb81c0e51e4148523cde36658e2f08c51ba25
209,PERAK/WBNB,0x7f44924e80456b49a5d45770555e00cd3afc1547
210,MRR/WBNB,0xa501f4b15aa03ffd99a7a80691deb48b820f6823
211,ZBIT/WBNB,0xac25e36bf22a785480b8cb584c1d9b29a178bfc1
212,WBNB/GS50,0x6695dc1cbca7934ec15712003ebe84332fd75010
213,WBNB/TRLZ,0xbfa30ebe29d9f3f7f5e683ca95bf0962e66b6f8b
214,OAK/WBNB,0x86ae810fc4e84b62ecf41a7d3c1db53b5cf855eb
215,WBNB/STORM,0xb2e62ac5e1857ca793fe07aeaa2bdc0a2e873fe9
216,LXR/WBNB,0xe94d63d9e8a6f016f5a71b6d5c87249b2bd08736
217,RTEN/SUSHI,0x2efe7c1b0b7d709ab74cc7f013d05889742e2e3c
218,INP/BUSD,0x8b7b0da749e469e1324bba524584ff1870238e09
219,MSTF/BUSD,0x46634eb1b979007dd318dd03d4b4ba445836d46c
220,BEYONDSY/WBNB,0xc65a7c39b6899f9d658823492db6e4713fee2e4d
221,WBNB/BUNNY,0x24f45f6cd1744dbba148c383d2242a2fb1474fe9
222,USDT/DAPF,0xcbebd87ae353f41b24069c3df631df76cd866a8d
223,WBNB/TKN,0x5c1334291fbb3116f6ce6e9e4d1235e17a695766
224,XENI/WBNB,0xd4d8d9dac9fed70c52cc8f419a0824a805691087
225,WBNB/LLG,0x17b73c02466af1682ccdbe86df56964234a91dfa
226,ESHARE/WBNB,0x0d07551c42b02a67395b65a1517a386977e498ee
227,ALM/WBNB,0x24f8a2d16843134705d5b18d1c964dad9e67ec7f
228,BUSD/rkl,0xbe89834476127a1d2461b58d9ff4e5a64f9ae37b
229,uniV/WBNB,0xf5946ba67eb07c8f70e1da132c6aff469b779023
230,FBT/WBNB,0x9844f2a60b271696b79749e9fdd04f755c1d9bf1
231,HODL/WBNB,0x6cf7fb31f111dafbe61bfb3a712e549efd448172
232,PKGB/WBNB,0xeec1f0e57b8849f7b0ea67acc91f8b7a38c6f9a6
233,VAI/WBNB,0xbb43b571c71b03a6f5d497c3a2b6f2088c8f9a33
234,WIRE/WBNB,0x82babea9adb701cf47d556ffcaaa16e50ce517c2
235,SIMO/WBNB,0x351e9c5b540e22807089f19a0cae33128bc558a1
236,TRT/WBNB,0x6cc7d01c7eb2411f1af3c248bc2056eef2b619db
237,USDT/GOLD,0x164ae146a55253c98ea5306580791402597f1d81
238,PRC/WBNB,0x86a0555a4187c3f00d894572699aff2262c436b8
239,FNX/BUSD,0x315ad015b59470588102ec9080f022922766b9d5
240,BAT/USDT,0x29e40ba34d385757907fe559949126955ffb8326
241,ATHX/WBNB,0x0a0dfbc452ced24b84f74c0951a2c564c688bf77
242,fUSDT/ICE,0x93698ad941359a3c771e15cfce345abe0191e035
243,MERO/WBNB,0x5118ead7a32e4753ab3fef98e4b2c50f3fd3d8fe
244,HUSK/WBNB,0x8e2e68d495397c26c13401033a0bf3331c4df033
245,HAVJ/WBNB,0x37d5c977275ce84375945db39d09c45b2ea2398d
246,WBNB/HYPR,0x6ccbca1493d543b14c463178dab28fe5bade2e92
247,WBNB/SGR,0x07510e9cb869c68a64ac5c3951da11c1499ca79a
248,WBNB/MIM,0x8add9d2ec49014a7e2f887edabacfc4f90c76e93
249,USDT/rkl,0x71ffbe76c7e799a9e7bf8ffcd68e15ea4e175467
250,WBNB/pCWS,0x777b0c17d6f2a3aa21f791d73c5a26eb56dd5292
251,$Lordz/WBNB,0xb7a8d565d9fecf6f618604f4d9b8d8567c276d9b
252,SLP/WBNB,0x3a4517f6e646ec1b2d51713aaf85e3ee6bb9917e
253,TURD/WBNB,0xf7361585694e113a560f6af67eafcd4b9c32581f
254,LAND/WBNB,0x3c51fa6c84e835bb3787e895438ba2eee998f29f
255,ETH/USDC,0xa1edf26ede1c56ecded374bdbeb8f3f9156ae79a
256,ASEC/WBNB,0x45b9b66d9c995b7d53e79dade133d79ad182bf7d
257,NTX/WBNB,0x1fca5374852f2508bee171d0f738bedab4d041a4
258,DAI/ETH,0xa6860f4eafcad86d4235d319bf7b02b279d8ab1e
259,Cake/ETH,0xcc9dcd37f79d4a5a4d1bc2975d1106fc1d115df2
260,PFTR/WBNB,0x4627e823a80467934bc0338b74c4d470792117ef
261,BTCB/BUSD,0xcae5460465dd787c825f0b2ad9194d48a6b42032
262,WBNB/SPORE-II,0x4b36fad3d3b81a59b7f7eb1c75b76248cdbe22e8
263,FANS/WBNB,0x755ddea9f9c80467960e9830b69241bf75dd596d
264,VBR/WBNB,0x72004e3bd5dffa605ad5c3caea877b331db4076e
265,ADA/USDT,0x4f8104f539fd942eaa0bffb0d775e46531848ffb
266,WBNB/ETHERIA,0x651d737e728068a741488510786550096ba1d8e4
267,BTCNET/WBNB,0x95c3d8e0639e40709a5dfbdda54082d13cc6d5dc
268,MTW/WBNB,0x7556223058a2d0599d8761cd6cb5acd084c399b4
269,L-HUS/WBNB,0xf4d2af92aacff5ce1b54c504edc89cd147f38400
270,PNGN/WBNB,0x81bfdf94e7fcfb44f29943d733de51818622f878
271,SteamX/BUSD,0x30773607adea7807f9b18765509a6e569dcbddb4
272,vsga.cc/WBNB,0x33cdbef4df77391d36fd94089bf8c53e197ac564
273,WBNB/XVS,0xd1b4efa996a8899331850c92202e47bea6d62623
274,AKA/WBNB,0xb34a95353f6dbd354578b2454bc2f0e19b6b986b
275,BabyFB/WBNB,0x1251d648a4903d2ae79c4d2982482a37671feb31
276,TWT/WBNB,0xca1be8a06dda4d5d655aaa93b3cfeced29adf3db
277,USDC/MCL,0xacdd7eff00c23a65e1bad150c4b4c8c2991b3218
278,TFIN/WBNB,0x7e0051bfc925d05a2235d8be508f7cd99ab945ef
279,USDT/BITCH,0x6c0abcca11fc3362f779c9d531f3226de8b3b4cd
280,BUSD/CTS,0xa8663903dc391fa045d09c4e24d4d64de7908b6e
281,IFN/WBNB,0xe41394f8560ea08e677ac3d62830dae95bdb30ae
282,CE/WBNB,0xe992f7f57b01557a78d05b6922593bef06296318
283,$PROX/WBNB,0xaaf18ec9d3d68aadbd0c55edc750d4584d383f0f
284,FEI/WBNB,0xc2fad801e319dfc5d931e785a630354ba3b7d687
285,FUZ/WBNB,0xbd628e2e51dfba37ca3fc8f9076b389f3c20bd55
286,DEVI/WBNB,0xfca5f9217b3d33afcc13b9919a98169fdff89d75
287,WHT/WBNB,0xd8334103187c6b334deaf9e453ad7fc0e8672e96
288,WBNB/MAHA,0xf749d107bc1bdf5eb7519fed4438f530af333c95
289,USDT/FM,0xf4edc0eeea1a45b60200081cc385aaa9d0454dd3
290,DOGECO/WBNB,0x24b338ca79cca6d645b356a79e5cd7ef141ed7cc
291,WBNB/DAT,0x33732413d6deca749840733d87ee3a30d0b1d42b
292,SUSHI/BSL,0x711ddc8ea035c8851e02859fb1f6b572f7abb38d
293,MXL/WBNB,0x2f808de18ade34fd7d2acbee80a2db7cd6ab35f6
294,ESCTO/WBNB,0xd0157242dd12bc12f53c7a63740c27991ba1919b
295,WBNB/HLDY,0xe10def910aaddd894403b89f4fa2457169e460be
296,qwe/WBNB,0x641c767dbb6785a83eb956e7a6370e2baf58477e
297,JMP/WBNB,0x1e8fdf5a793da873462170f797c760d764c4004e
298,WBNB/SNC,0x1cabbe3ab8a9f76f2fbf4e79c9255fb7696b5f59
299,ETH/ETHERIA,0x8890515d53459cff6f1b050d95cef1ede2bdb10b
300,ENT/WBNB,0x7254c58053e3912649af94abc9c996e8b6def158
301,BETA_SIM/WBNB,0x6a73ebfa717eb40cdad737255c109aed9d21fd92
302,PLRC/WBNB,0xff7bfc60c7404c8e5c5b9ca035cdb1b50c6d70f6
303,USDC/ARB,0x67444d5a14551b91d3a8565d556a63634064697e
304,RCOIN/WBNB,0xa82a96b69b0e01b86a83da40f43c381b042a1ca9
305,SHAK/WBNB,0xf4a5e7f281186c9cd63df1b9362a0a230cecf199
306,DERC/USDT,0x9792e75c0841b00b39121190eab2648bd2cde505
307,BTC/WBNB,0xc9424556a17e70a2f6f54ca8deee02000245d2c0
308,AE/WBNB,0x3b1865697fcdefd9f9d02f96f8dbaf71a41f995a
309,BLGA/WBNB,0x972a3c4999e6f6bf1dd62c24f088d17ced09a2b3
310,OWL/WBNB,0xd69a9e94b179c2cad51cb4b404c6210ceedbd0a7
311,WIN/WBNB,0xef15f3f89a69a53857c07893a4628cfbef688f6d
312,BROWN/WBNB,0x345685473ec399b43a74037c543d7daeea661373
313,Vibra/WBNB,0x40cab95b414cc9cb2f6715d43de870a93fd96a77
314,ENGG/WBNB,0x452e77766ec761a118e190db28ea9c26338b4015
315,TRM/WBNB,0x4e56f53f5146c471ae34ca8ac0c467e1a6237785
316,USDT/TIKI,0x14ad1c817152512327bcd6b7498eb026935b9e3d
317,XRP/BUSD,0xdb57ed8e5fa210adb937770cbf5238ea3cff47ca
318,USDT/ARV,0xcecccd6ca3851e30a9955ae40e4e95de3e25870a
319,WBNB/SIG,0x0c190c0debdfb40fa65e7353656dd9a2310e7c91
320,VUSD/BUSD,0xbc28cd859fa9bf83d53604408b50907989d19152
321,WBNB/OD,0xef61bec7baec11e5610667030f1421e5615117a4
322,FSTE/WBNB,0x0a4017bb2874d1ad419eba6d84bb541dbe2c197f
323,WBNB/SHIBYIELD,0x17a8490558e9d2dbc478c540f5b94c6d95e328fa
324,CAKF/WBNB,0x335bd126ed44f401cf34e604ac4d46dbc7557adb
325,BRO/WBNB,0x5cde6a9b73529c56141e3f4cccabe6cd97c238b0
326,IND/WBNB,0x6a241a40f07480fb373beeb79f035205b0278895
327,USDC/BUSD,0x6ef7d3e45c92b6cb0a1840ecc82377ebd045faef
328,DMC2/WBNB,0xea94922c0cb7f24c71ce148582b5460ee41af779
329,WBNB/LINK,0x4c0b596519964393c5c35abd552dd847f8f9564b
330,Elvira/SUSHI,0x954a30272ed3084779dfc3fdc16c09441183595f
331,WBNB/ACTN,0x6325c20e306bc27b9faf10ccdc01393c4a5ec9d4
332,GLAND/WBNB,0xec5d522436020c0ff2a9e54f77afb50d4df36ba6
333,INVC/WBNB,0xac1c63b5c45870a362bbd8a076ed9d4aef00f408
334,MEME/WBNB,0x09cfa400a92376d19a309d469f9e4e8bcb38f7ef
335,COR/WBNB,0x4b67ddb10f93bf405ccc8ee91de0c3841fcbcfd9
336,WBNB/CRH,0xdf38695cf1234c6acc09874176a8f3414a328e31
337,O2/WBNB,0xef3940ddff6dae267c1ad1e3ef8d1ff3337213f0
338,PCST/BUSD,0xa2c289a04b395bb5728141d89b920bb9a0a5ed35
339,KOMI/ETH,0x21ea17c287d204ebc232b75af1ab159ed3116c64
340,ZEMA/WBNB,0xd97006fe09d36bc72b29239fdb37ed3592781a59
341,APC/WBNB,0x77cbe6d9bd7ec40dd7475b871bc8643d55e23ec0
342,SHIB/WBNB,0x9084e4850cdf7b2c06b3fb3eea173228d5cf2a4a
343,WBNB/WOOFY,0x5f987b51e63bcb0dfc85ec633f5dce6ba31e8a8f
344,WBNB/TBC,0x15597f6e2144916cc555b8a32d1dfec3b70effd5
345,USDT/EOS,0xebb507961a6642c486547d50af171583bd83706f
346,WBNB/TARNI,0xd41786a302591c6acf5c7d79ebe38e90f20e92c8
347,WBNB/BNB GOLD,0x675d409ccc74693f1fed8de6a339aa1f23fce24b
348,WBNB/GANG,0x00009fe101adbe034f40d4e2bdefd55ed10d7c18
349,MHAM/WBNB,0x81bf9b987b3a8c2ffdf3b5bfc5bc0fee4f990b80
350,LBCC/WBNB,0x64dd6405b114ba5dce0c96c37ba58cd56ef06a63
351,RAILBSC/WBNB,0x615f0256ff2d756da91b4e34a9ed0052b98c033e
352,SCIE/WBNB,0x5eeff674962e6b2ca0920631c5e904298c00c1d4
353,t7/WBNB,0xbbe3205a269546a52139b43b4382f2922a5b5dc2
354,elons sock/WBNB,0xbdad4e2111fe5664df68e4c826192dfbe8c72ba0
355,STOCKNFT/WBNB,0x49c50300ec9b45864218393b50b55c759331ef46
356,VID/WBNB,0x27f3d04cfd821976d014825a473e7ed5da00c2b2
357,WBNB/YES,0xb1712e03cb8e7dc5a53838e6b2539a98f643cf29
358,QARI/WBNB,0x766100b6b919ae8bafd3386f8e81501cdb0e1485
359,AQUAGOAT/WBNB,0xc6238f3b64354826a34e98551d158cbaa58a8861
360,BUSD/EGG,0xaab874d5b650c1d97697c35a2b3ca2a8848e7c3b
361,DAI/BUSD,0x1f4b7721643bbff495dc668e4f950518a0bc74a7
362,RSD/WBNB,0xa3da91c1e9aa429341b99ac49a3b840d7f2f7957
363,ADA/SUSHI,0x9b589ae85d6110e8d1d77f473af6e48ff060acc7
364,ETH/FPC,0xf4763fb8d06687c607734c55a8728f02f0d72f92
365,FUCKJANNIE/WBNB,0x5efb9f42ab6faa0c41be09bcca3a87444440c883
366,SCOL/WBNB,0x43cc48795fafc1bd9bd6b6c5077f8f12fd7b2967
367,MERICA/BUSD,0x2e7b739f99a713f45af006d283f04adb396686c3
368,SHWA/WBNB,0x28f410a5cec9c2ab0a76489f800f9fc4215c18c3
369,PIT/WBNB,0x7c7f12db7804d6aca0e3d0966eb9d4a9ccef8650
370,CHEESE/BUSD,0xce8f28c3bcd305a934739015ada093f78a0e7b46
371,USDT/DAT,0x896950d88fb9e8d90ad18ee027c46a063275ece1
372,XBB/WBNB,0x03825b0f63cb6cbb967d56c39858ff4e6e0f2cfb
373,BMNY/WBNB,0x8d83ecc6d447c75c77a5eb6c0bc65b3aa7209b64
374,BGO/BUSD,0x94ebea64112a5fffcfb60bdb81a32a1b53701486
375,THCF/WBNB,0x7c4e7cfaee53f1919587d71b4ab78b37eaefef79
376,SQ/WBNB,0xf07ce11a10db3f95d0cdef91fa16feddfa8be894
377,$HD/WBNB,0x616e29bcc81f08a93901aca7768cd553379eebf1
378,NFTD/WBNB,0x3ae0bb46513f44364dbedaa5b4be4858c212124f
379,XMN/WBNB,0xc9d5b48941d3fed7a6890ea185e080a26e17e5ea
380,1INCH/WBNB,0xdc9f43c77316f5b4915678d213ef514711fe03e6
381,HAM/WBNB,0xc2593e02bde03edd37eea6660ff17b61f2daadf2
382,UNI/ICE,0x0ff7dd1a869b24dbae0fdefa899d18ba668ffd48
383,ARIEUM/WBNB,0x83e455d6e37c720d1077d7fa69430a82be33c73d
384,USDT/BORING,0x70216c64bde32c04563747df9e80c4721e3e3fa1
385,JKF/BUSD,0x7c6a782ec6fb7e6fba0816f1b81140a619a5fb96
386,WPKT/WBNB,0x99fbcdb5a94365bab1b44eb7d6caebe98050deb8
387,BUSD/UIX,0x84f02ecb8586bf314acf55c4c7905e3045cbaed7
388,QAA/WBNB,0x8b42c546b8751482182994ffea0fd5dc6f742150
389,TRCH/WBNB,0x7412a030c9f7b6eaf82e47d3e89281b499fcb5fa
390,STEK/WBNB,0x8af164b82a30f2b3453b36c717dbebb008218f47
391,SPACE/BUSD,0xdb8e0d594d030774c6e541d5a279115784b0c9fc
392,LAND/BUSD,0xef228ea70337a6d52d9ee11c18344a84e668f3f9
393,WBNB/BPAY,0xc531fe7f0882beb5001389a3fd124e5428baa76b
394,LTN/WBNB,0xdfb0d53425ad056aaf77f27a57ecf955b17b493c
395,XZZ/WBNB,0x2ed3f5b4adcea7fff5c87fbba7a321d7a0deebb8
396,NABOX/BUSD,0x1087aed92c5329099ac9ee76ef9c14058c2803de
397,DEP/WBNB,0x2c6cdd537dfcc3a8ef245ae85a8de7711a731dc6
398,ftf/WBNB,0xa28d8f3caaec757ae0cf9a3044ff726518f7457f
399,GRV/WBNB,0x0e947065e3b536e6f6ddd7c5725a323971fbb53b
400,DOT/ICE,0x5d067bb7d52ff333271f1dcef15c763b2c8ffd85
401,CUMMIES/WBNB,0x888fbafe32481dfeab60d8aef0457a036f53de79
402,WBNB/BORING,0x539197207fa05467ed97c3ec93c8d3d7a26b0473
403,BANANA/WBNB,0x3322f0b8e3b3b4f41c796a93eaa99ad5b1102b90
404,ESC/WBNB,0x4b122de30de9753b64a3445b5fc9acb7987d55f7
405,RTO/WBNB,0xfeabe1dae8b0fcab0a0d46db6ab17faa347cecea
406,LOOK/WBNB,0xc86c8ac8d1714d00c971756e36558c9f1512d6cb
407,ICC/WBNB,0xbd0e4969ab27601ec8fbd1d0b9d9d0d9751e15d9
408,CTT/USDT,0x33016e7a99b821d65799038955dd5a508d6e4988
409,EMS/WBNB,0xe69d27a92d8cbcfd1c7f6410f107b96f0d9367c8
410,WBNB/MUFC,0x5b72cc6553ac51feae42e64aeb4583b9896d081b
411,BOCH/WBNB,0x51fab92197b9f9e50261f636a888eaa1cd785b27
412,HBT/WBNB,0x42929a3ed2bfadfe2261795f5a13e4952209d90a
413,SUN/WBNB,0x3be990b86e2c065f34a35c9cc34370fac8deeeda
414,BTT/BUSD,0xb0e8495886097330e70ced3b6c978eed4802a0f2
415,BSCX/WBNB,0x42a2d70db8f8b843308e36dabdb9f7fa8555269c
416,USDT/UIX,0xf67d8d2387a16eef7c2cd4444eb15114e9d3653d
417,QUICK/WBNB,0x9b3a9141694f2eb0332053ee67741357e7b72f82
418,WBNB/BPRCY,0xe0dfa87d84671e6c8073c4ac752894093214f825
419,ms/WBNB,0xc7f0865d71ddb95cf85eeca1c3e49302837bf061
420,AUR/WBNB,0x23309cb579e05fb8793a60f663937dba62bd522b
421,WBNB/X2P,0x751a2016d62784247f3be066067c5eb997675c04
422,ELE/WBNB,0x17f484257cc1e7b4a11a3dec7d9660f6e47183b9
423,WBNB/GORG,0x0fe3a33875c38d25a3a370ac67477a729a2ea6c4
424,PHO/WBNB,0xc35de4667573e6d4822dbfd204b5012d9a478f1c
425,ETH/KTA,0x55bfaff72021a83b0ead1091ee0e7171e0628fc9
426,ASTRO/WBNB,0x1aa55179d849219635439e86dfb98501780de6b8
427,WPKT/BUSD,0x96d729f6dcf2871a4a808200b245e2edecc99cd4
428,WPKT/USDT,0x9a34d8c5325144ceba0dd3a530a34b8e99c60235
429,HYPERETH/WBNB,0x57534c138077362690523a6a9538886267fe8cc3
430,REDFLOKI/WBNB,0x4c8e6b250fdb6049341b89fa1fa24417eb8e6299
431,USDT/C79,0x2aa1b33a42baf2780124ac01431cdb69ade10c47
432,USDT/TWAKE,0xce582f2d9984c0df822c4d29082d5ffe0240ecef
433,BEP40/WBNB,0x581aba127d685e547c5de671ea869a413943c7bf
434,USDC/TRIET,0x3a538a9c4335c06ad33e63e7d1f204dd90b2dd72
435,USDC/VUSD,0x974fa07cdc340ae6221e832300fa2191ff48d1f4
436,WBNB/TRIET,0x5c41d48020835e2c3328b180b5e4536d29ff8e0e
437,XRP NFT Smart/WBNB,0xc393e72a7547b71af4e721886943ca78aba3b5f4
438,ICZ/BUSD,0x2619fe7b9108540a9b52cf41e293492cf403ab1c
439,WBNB/BoneX,0x5cab452566917e4a1d0055dff239adec29ff26bf
440,BLOK/BUSD,0xf9cff60deaa911fff5418344d6cab42a710637ba
441,BOB/WBNB,0x7118886f093d294d928ab9ab87513b69284ec446
442,USDT/ VPT,0x65fb2d4ca8798f30b4cff571fdef68dfa09b4495
443,GME/BUSD,0x5888d280c67c426bdc964aeb48cd4b6c7982aea6
444,TITA/WBNB,0x5b54565f74705601ef7c8caee327134cc7e7cd88
445,USDT/VUSD,0x19d20ce0ad8bf858caf8c06f5ccbd96214346db2
446,WBNB/MTM,0xe35dade18a2a1fec66c06cecb180c5bccb9bae04
447,WBNB/HOMI,0x81ae725098c45c4aa9214d62f8d0bd57b0cf9bce
448,chivo/WBNB,0x7f768f16eacca686995f5a81ac0a17c8c88b6f6c
449,WBNB/SolVrt,0x08cf01b91fbaa45bcb6a16660012274c3770e6fc
450,VALK/WBNB,0xfcd17efd4436ffe3dc9f8547ae184478b232acdd
451,WET$/WBNB,0x23ab90c0a320222b920a875fd45dee206a0fd096
452,WBNB/ANY,0x1644506f7a24c8b68e0d3b9f4f8f5979aa4df5d6
453,SUSHI/401k,0xeabbfd02186d6124333cde25fd94edfa458ba056
454,Palx/WBNB,0xb1183b5ae588c1e85b5cd20e24198bd094cc5e89
455,HILLTOP/BUSD,0xc340ab8f7b1f1a41249e8bdf233d88716fc52c4e
456,MART/WBNB,0x8f138c1517efd57bd70a541fd6cbf4988cadc94a
457,SYN/WBNB,0x0c5e3769613f25e293f98d3057f25687bf46dbef
458,WBNB/YEL,0xd90ebe559aa73faf8097ebe60f8925298f3a8cb2
459,WBNB/bCAPS,0x7bb8c4cb015556d7448fa45b5443d28e789d1825
460,USDT/AD2,0xf4f55f4646a7e204f86dc578fe77fb981f012a74
461,WBNB/10T,0xc31247114901b6eaa201c1b7b5813629c5a90efd
462,DGT/WBNB,0x9510b163b0a649b2325fe26f5cb95b1ae096f673
463,Charge/BUSD,0x3aa97980bff3eda751e349f3342ec56882e95648
464,AAH/SUSHI,0x28a073c2387f13c643b608caf37aa646c75180b6
465,USDT/KEY,0xbba7c6d9ddbcbf24d6ed7b7249572de9d0d86d55
466,DBIX/WBNB,0x9222e92f0bc35442ded3ebbaa1ee39320266d494
467,FXP/WBNB,0x77d38d512c964a17d526a079f7b2f116ed00aadf
468,RAINBOW/WBNB,0xc34b50f5a0625f01ec903c964715687cf130b5e1
469,0xzx/SUSHI,0xefbd29138e4cd293e9572061a7402c55350c0c13
470,WBNB/JLC,0x961c8c6bf638fd6106964ff3d221634b42b7e2d2
471,SPIN/WBNB,0xd28719e823233b720247ad92c08888056055c04b
472,BINC/WBNB,0xf3a830aa128829f3372fd565d525f513a4ff16e7
473,ANOM/WBNB,0x3f988f2aad61b6c196a9325a1e1fffda99eda4f8
474,BAND/WBNB,0x8dfb6fafb2d0439e6f683675df0f78b7e5b19151
475,WBNB/GPro,0x44c94ee77800008528910aac723f6afbc6ac6af0
476,WPKT/SUSHI,0x5eeec6fd2db3b9bd3422450cac2dd8edd4cecd00
477,WBNB/FUSY,0x38cf0c751fa63ca4681b29f34fca68f6e686ae11
478,USDa/WBNB,0xb21b954c8da9a431beaa2734f4a9b8b75a5de33d
479,SUSHI/XVS,0xd7b100158c821812e02f4ef7159cf0191c81360d
480,WBNB/3SOL,0x6bb981336b461d1a252c8bf70d4fe1e5eac05d69
481,DERC/WBNB,0xff5492c21516144a2e83fdfde11e05afacac419b
482,WBNB/CPT,0x127a8688e7e2b2e504082eefe92fed59915ab347
483,WBTCBR/WBNB,0x3ee494eacb33309b649a0466c16f6532a7f138ea
484,Apex Token/WBNB,0xcdb99b2f2231d18b31fae037efec102cc0361f58
485,TRX/BUSD,0x4bcaa9fe317f6fb6e26da99359274f6d5ed1f548
486,WBNB/GALAFARM,0xf51d2129e04f6018f5246ce31ec28f04c54a3c12
487,USDC/TRTO,0xa9ae29441ba8f3941e384c805d0e3916e66a206b
488,BEANS/BUSD,0x0c5af90be74855ff48ed83ba9495e99704fb72aa
489,PVU/WBNB,0x473ccbf7dd55e9115dfc0c44dfa89ba576a73caa
490,WBNB/MNEB,0x8d1a8257d9a4f329755d754bfb0c01ae402d7d91
491,BRAIN/BUSD,0xb6887a61271005ca4d5b94930e9defec068145c3
492,BTCN/WBNB,0xa6670413ef2eb78a736b033a329b4db9ec2c421a
493,VARG/WBNB,0x71bd7b6bfaeb5d281b39bf3eef4b1d129fc29db7
494,WBNB/401k,0xbe8f321328cc0a0fd7550b6391ae40e15d3da83d
495,WBNB/DEFI,0x87fb44bd69294f35f9e72e490bdb979cdc3d45a0
496,XCB/WBNB,0x69234948175662779e2bc97635c362bb3df6985d
497,FADO/USDT,0xfb3cd8dc7943ac1c4fca82a2cf8d2fe2b5c6cd2f
498,WBNB/ZLATA,0xb7999ce8a5f1f8c5518c35608b2bafad22406a12
499,BMON/WBNB,0x54d0440e5e6c76a270af0a1173d92c33a80d0067
500,ETH/GTPS,0xe5ffe5d15266e8a0b7ba4592f9899c2ec6cd9a6c
501,BCH/WBNB,0xeb943f0ea74a433bb90a32522f5aeb534e8fc3ec
502,PETN/BUSD,0x97e4573b4eec019ba29c9f1da49742daf3e91f19
503,ETH/EMP,0x6cac89e2536c6856476f1cd56246c4fb6dea7433
504,WBNB/bread,0x51e29ee2671fa354c480b037f7d1ee1f5e41ecc3
505,FSTE/BUSD,0xba1d8a240704e8c91698ca0bd7c20fb9c0a1eb84
506,TUR/WBNB,0xc3403b3c18c4b198792b620bc7841fcbd1ebfc64
507,Rot/WBNB,0xe3c7f053d34d9be3e563a29be6abddd9b8531e36
508,Pussy/WBNB,0x41b3812ec24470d6bf9e1bede606ad0abcfef57f
509,USDT/FTM,0x3e99b1ac028b60d11703ef665b0c3d1be8af90b8
510,$BOOLISH/WBNB,0xcff7cb8dd783e80aa0abcf893d11d46a6a725da9
511,AVAL/WBNB,0x4f696f4a1d087c52b04278d4a17be30379c46a5a
512,GMT/WBNB,0x26ec4d3fc14f5acf088ba2aeda1f158f87d82198
513,KNG/WBNB,0x4f93ac9684d55c08cc3e4253dea322403f117101
514,MGC/WBNB,0xac87c703490eaea67d6af68f47ceb0763b865926
515,TWT/SUSHI,0x32198009180e5f7334806d8ef6921d165ca278ab
516,NHLB/WBNB,0x52fe10e0328fac5f85395808b2b5732e1d3e849b
517,KTN/WBNB,0xa0b25fdf7f20021d8d0f1baf51fb903e8b6cabf2
518,Tcg/WBNB,0x8ca296a91b4a99612c07b870248409dfa400cd07
519,TSDK/WBNB,0xe6b7e68548767a0dc80e0b4327f253354d1ec3ae
520,WEA/USDT,0x205c05c042d7a29c78dc0783353bbd365f484d77
521,USDT/SHARIA,0x4584aca23707c628affb85251224b60f6c61552d
522,CCN/WBNB,0x71cfd2e1dd346353dd7b0477b4a4a85241fd48a0
523,KVT/WBNB,0x2b6006a5ca0cd6e837792cd8c162103af8dba3e6
524,WBNB/FROG,0xef1e930c4d4183170de0a0ff89f06a37f4b44923
525,WBNB/ANFI,0x46a8f75081e90125b6460b84ea73e1cbb6ae883a
526,MWT/WBNB,0xdea38ecef9c13049843189ce527a2416e099af4d
527,GTON/WBNB,0xa11f3b00bdb737ed1bc41f727114fd587ccbeedb
528,ETH/BAND,0xaa4fe9d72067a1e6e46858f7bfbdfc5af267d65b
529,PRINTR/SUSHI,0xc8019262af84d52b97f991203300969c8765e276
530,MDX/BUSD,0xbe43275e3f1f38684170c9e0749377cfb549a6ed
531,USDT/ONEUSD,0x2d78217311773fe27bb2d82e47c7678684a5ec3c
532,BNB CASH/WBNB,0x6a4b6d6d8c91797220c54cc6c431fc85384ccaf6
533,wCCX/BUSD,0xb7b236c4d6201fadf125cd989090425ed73525fd
534,NEAR/ETH,0x4618376733b3d7c24077d7af9be692d872c98407
535,WBNB/FF,0x4409bb5b973d8e860d64b3224dfc9151a65ff6a1
536,USDT/FSN,0x4a6bf59af2301badfc13ac03fd854a27b5cdfaf3
537,BIG‚òÄ/WBNB,0x1028263895d7a02c9e4825d86c1df0c85e99ef9c
538,CERBERUS/WBNB,0x1a37e13e93a9137902169d321aca828b0cfba11f
539,tkn/WBNB,0x07a0eee059fd787b24a66853da278dadc1e5f983
540,GKF/WBNB,0xc6017a7e5fc4777890c487ef320eb774af5fcdff
541,CBN/WBNB,0xd7b0722333ba74a08192195a1ba8f73d551949f5
542,T1/WBNB,0xa2fc9a5d229f015a33f2dc2f984ffbe36811563e
543,BWIN/WBNB,0xd241d1df9f0e987a4482b0badcfef3bc3d58183d
544,SUSHI/ONT,0xb6be8213842c6fe1211b9e37dc3e50c1694fcc6b
545,GST/WBNB,0xad4b0792c2f355cdf25de7343f99b929fdbaf3a0
546,USDT/DOT,0x93b42cdc7db36e200e0ec0bb76cbee6a1e239263
547,WBNB/SAFEMOONCASH,0xd1f369eca93b9fad77ad768f515b939a0c116d26
548,ttmcoin/WBNB,0x7dc76fd4ae2b28a9d54b2c66408782c2d4ec31b7
549,WBNB/LIRA,0x9b27b65124c8e7067b29c09caabdf27db12abf86
550,USDT/ICE,0xcc46b880047e93fa6373ddad06dc91227b203207
551,BKLAY/WBNB,0xfa8eb95c4ad9e909c86354be8522305585973e21
552,LMT/WBNB,0x9ddb9f95c1cc21bc65f20351713368ada7acce87
553,TEST1/WBNB,0xb29e0f75cf5248d842fa8593e2a5aff507af5b28
554,BFP/WBNB,0x1d726e92a0ff7b6a4c175884a18ba658ffeda0d7
555,Ratoken/WBNB,0xf8b651b081346438be076750ce3643922155e61c
556,WKD/WBNB,0x81b7bb988e752b9d7237ec73325dc16ca8df9f44
557,EOS/SUSHI,0xbf3a3b2603c2f8b453cdaa753eca3cdb52a6b607
558,CZO/WBNB,0xb246f19555e0460b63cccaca6fde2b3e0dc87e43
559,PDM/WBNB,0xbfcfd19c2b8b49b924dca342ae6f02572ba1b6fb
560,WBNB/TESTIS,0x4e4f9dbe07ae1c76028242480f814f5e1828aa33
561,USDT/FMI,0x3e84ead26089a3f821ff4c7e0db3a13009fd8fbd
562,USDT/TWITTER COIN,0xb4129de41d420c06e1ca9d9d83c297bed196c45c
563,AXTT/WBNB,0x658d3cb9f51ec51832eb2b2aa60547a9f44e1aab
564,WBNB/LarvaLabs,0xf40be30b8cd4b7d821a50efa4445dc7891ec90fc
565,WBNB/EnergyX,0x5e182792564441545f64459dd7c1f90a9b94266e
566,hgde/WBNB,0x6689b106c84c22e32e59e111c198dc846338403d
567,S-ALFA/WBNB,0x40e389e16b9a101261c8fbcfc24710230a99c71c
568,WYNAUT/WBNB,0x6c751e9c99f918dedb20c5f4893bfd0b6852eace
569,USDT/TRTO,0x4fb0e8c8e3dfd6ae5e72e4758d5601e06ad5b53f
570,YT/WBNB,0x9457f962c1f4cc5a3719ea19a1edee6b10802f55
571,BIFI/BUSD,0x24d06e2c93c044ff35db8ebdffd185aac801b51b
572,FIA/USDT,0x87af0cb4cc6c3aab1478e5ee279a5b098073d27b
573,ETH/OKA,0x99ec98f6232b39847edfa8bae28a525078d06e43
574,MVRS/WBNB,0x7900a38bb47b385fa8de1a90ea0c058b9e162bca
575,LTC/SUSHI,0xf8fcea17d5f69cf18e56f78a687ac2cff4fbfa47
576,SUSHI/TRTO,0xd0bc097626aae7b003e1d9370867e2c397b7aa0f
577,GTXT/WBNB,0x2bc5ca151d3653aaa0013b878faf094cdb20ca0e
578,BTH/WBNB,0xee203ee117cba2687bdbe143276cf5a548e16b19
579,USDC/CAN,0x72a72d7b1515b2818577ad2b77def89437b210a0
580,NUS/BUSD,0x67f004d0e5b2f66b91cdbf4dcd27da93810d04b0
581,ETH/T1,0x790a7d0207e20a101e5f205377207e84294b3c75
582,HYPERBNB/WBNB,0xf7d68d49be7df84a188f79cfeb8dc1bde0e32856
583,Wcomp/WBNB,0xc123af27980e5c0840166f7d509ecc7dc79e57ea
584,WBNB/MVA,0x2b5e3f15bd15a088208d1e37fa86e5fcd46bec61
585,dixie/WBNB,0x75d7c95140268ff0d5ed81d2728bf904ea87d7c0
586,MZK/WBNB,0x3dce5640aaf4ec947544bebdfa2e48e9c9a55b02
587,SNAKO/WBNB,0xb333b341b9025fead96a1ca9b2e73021ac73bba6
588,ETH/ELONINU,0xea7f5c0b8d18bcf25230d3145d534452e9e02c52
589,FDOG/WBNB,0x9d3afb6592c890ca1ba69ae452163b2ffa6c15e3
590,BAT/USDT,0x85cc3115988f31ca9792d1a1fc328e679c48eea1
591,DOGETWIN/WBNB,0xb63c070591907403c8e8277a8b22d3abde3d53b0
592,WBNB/Donka,0x87a00bbaa350e73c3e0f5d640cd4ec06f7c262e5
593,WBNB/HXG,0x6cf0c992400064a0ec3d25440e44d9bd00f0f856
594,ORBX/WBNB,0xf5ad8986bee21a2d62ce0f9d42416e31ef917aff
595,WBNB/BNBH,0xafa18ae173cc2ba17de4c2863b838ade2768e564
596,WBNB/ORBIT,0x521d0ff66e2f3624ef54feb369f6d26400c3d711
597,WBNB/tnt,0x1927da93458a7d7a2fcc5e92cf3e446ef60c87fc
598,WBNB/AD2,0x57791137658c32a60981b5a4432a26292940c8bc
599,WBNB/CINCAU,0x1c258747ad30bd52023292dd2c3a4ac1585e7bb9
600,CZF/WBNB,0x42f45814ab3914b91a431b3654e5b817dc1df26b
601,USDT/PSP,0x3481a66165d75eb2f4d56d1f9740b0b1311f6713
602,POM/WBNB,0x2e4169e490b094cbfbaa24c7e7efba5467df6ac1
603,GRIMACE/WBNB,0xc65202ad7ac2520051f23c0c47a9f00590cf5844
604,MUSL/WBNB,0x8c14f35209219e84b3a416acd1b254c9ea1f8df9
605,KING/WBNB,0xd8ceaa5a2a915d5c08d9285f0c705b1efd744f54
606,NTN/WBNB,0x501edbced268a08d19b8074b0bd863185514576f
607,AAH/WBNB,0xb7f32c033159caca34050dbb21e06e080acb6894
608,WBNB/QNT,0xd9151ca2f16f3da6c1134eb6ab003ade06bbac5b
609,VID/USDT,0xe4af58f5451a875e12245bba37cfefb2db7229b5
610,USDC/MULTI,0xfe7f95c2027428685f906f91034df2d72a05601f
611,WBNB/XYBR,0xbc6872f54681fe95bb28e0096b731c286ae9aaf7
612,NBA/WBNB,0xbf56e2a53eb0677822fd69b4af410adce2d5116f
613,QTBC/WBNB,0x24dca0d5aa148f51752edce7fe035486d76c2d38
614,FOUR/BUSD,0x9a29c1dae90a0a4a35bb7a5634b659d1e7e8f1c9
615,WBNB/SPE,0xa54dfd881794309d63aacbc071bc9867dee3a527
616,ECP/WBNB,0xab788779502394896ca8dfef890be746e1c0a4cd
617,SIPLEAN/BUSD,0x64700564195ad58567655923edd6ac4af38e0b8c
618,$HIT/WBNB,0xc995dfbdd78eecdeec1d2f5c6dbc2c13951ed83f
619,GBL/WBNB,0xbf4d12cdc58753df26d0235c5a10a3395b89332c
620,USDT/TVF,0x445e0548cbbb72a493ea3efa054e478110e136bc
621,WBNB/HV,0xc26cd8ed5a7093bdb9c2dd25526446ba3a4ba404
622,üë≥IÔ∏èCC/WBNB,0xf7d93836f67d75c22339c6bc41e4ed64dc083b4d
623,USDT/ccCLO,0xf0860f753f5a9c24d1f3f7557979a32695baf7fa
624,SPARK/WBNB,0xc51f45bafcc33cbc79c8988db11fd22f3c972206
625,USDT/ZOE,0xfc231fef5f9b3526b78134014550f200ffd141a1
626,BMARS/SUSHI,0xac2b61bf614389df0c2d5b48ea90882538b6a8ab
627,PopDoge/BUSD,0xc9533a5bc720de92f639c5420bfdbe006110d343
628,DOGG/WBNB,0xcb367d5457fbad783f136353fb81311a51977930
629,BATMOON/WBNB,0x7a9f6d3998edca77f03f3ecc2e2a9c5f41f29b1b
630,WBNB/BLP,0xf160acf92ff2510b13952cc54a846e4fc33af1b7
631,vsga.cc/WBNB,0x7fc911666d2ca2dcdfba8baa38b8796de242144c
632,WBNB/ROB,0x38003fab25e617bc1932775d469970540c8f617e
633,WBNB/IOMT,0x36002c36d411a4b60ea15a779a3c0d105bbd3c86
634,SHI/WBNB,0xdc05d028bf1449a0b020bb78d4e7cb9b39e78197
635,USDT/MOONLIGHT,0xa5719352b6f0cae101fd026fd9e44adff465107e
636,FUSY/WBNB,0x03f15acb8c4b3f7ef3cde08c4544bb5638df7ad4
637,OWL2/WBNB,0xb51c419f8d64329175cc2319d80e5e30f32b517f
638,ALPACA/WBNB,0xfc5f84f3df06c50836040709bf8176cca018faf6
639,RCX/BUSD,0x4813586c7c45d829528b6f7ee25478d6385570d2
640,DAF/WBNB,0x34036d89a80533146e5a4502427879bf3e034f16
641,hlc/WBNB,0x4df7af2f857af116a9cbc8fdb5b9d70094318e4d
642,BITORB/WBNB,0xf6d05788900171d416f098e23d72535663d6391c
643,WBNB/SJF,0x279e19a77d4aa38d04a3f0f3a21dab06a2925659
644,MetaCat/WBNB,0x0ee014894b32e8a8069bd715b14f962e68c9bac0
645,CZF/WBNB,0x1ab9658c03f2df033484122a300fe7fa3dd66c83
646,MPEX/WBNB,0x4fc7182f24b827d4b6408be81d3f735bf9e652e2
647,demure/WBNB,0x7d701be488989c027c8aa8d416a0c4ef78d482fe
648,WBNB/XRP,0x0fcdad1e83647afdc4c51fce1d7e9057e9e82ac6
649,CYFM/WBNB,0x3ba0ebb3d4aa55a52966f3275824472a613d6ffe
650,DEMONFI/BUSD,0xc33f1be6feaa24d31f729bde11ba28e249ea93f2
651,MEWS/BUSD,0x85bbcf90ab530191cc6d12b1f077fb7eb6ebcc32
652,MILK2/WBNB,0x9f616cf9a2506e6beb9c4a5c9424fff5cb30fbef
653,SHTIMP/WBNB,0xddd3b4901c51d7791fef855dcceadcd0d888d1d7
654,ATOM/WBNB,0xa7fe658138446a9b1c37782cdca906cd84b575c4
655,DIU/WBNB,0x88d91c0e23bcdb2a3b69dedb1ea5b1acafb85f32
656,1CHP/WBNB,0xc678bc425a1ca3c5cba8cf1617bf0ede89054d0b
657,HBAR/WBNB,0xa28556cd3d6e7f91b33b1cbeb4ed1ff383317504
658,WBNB/AMO,0x9af9b49540783a524c3f44c50ad66dde8d97a92c
659,TETRA/WBNB,0x64ca424889855592a6f206ab217c4659c820ab8e
660,FVAL/BUSD,0x8ddd0ebbc3868cb9e3d9dfe5a202df59bb5010ec
661,COCA/BUSD,0xea8ae13a82e4edb1e82d0cdb37ea33a35fbfd1ea
662,AIOZ/WBNB,0x5d0929505e2c19e94c36549159a7694ef3304eb1
663,THC/WBNB,0xe37f706d4ea52c2189c65c116bff8a769137e584
664,SLP/SUSHI,0xc692ec409b9e16b330673c4ed223cab2c682abf3
665,TIMES/WBNB,0x7da9c82364e13c3fa01551a011a28c4e78af5ea3
666,BDCC/BUSD,0xadd49691f624952d86ad2e0722c3476a421fe6a2
667,WBNB/UAüá∫üá¶,0x603ed3c70a26d157533a0276867762afb4b07a83
668,TWT/WBNB,0x1a0e61d709a63033f9f5b579d94a5bb92bcf7f06
669,PSC/WBNB,0x7a9f4c827e1e576f5bce4f1c6abe10f797b6880a
670,OMGT/USDT,0x5f8edd480c065d3159d5138c725237852bbc4ff8
671,USDa/USDT,0xc336de6bd60aab1f42fe2286bb493b685d77846e
672,USDT/BAKE,0x6249aa933b396bcfa95a6c51bcf3eba5e95a442f
673,WBNB/SPR,0x4b5cc1d39b3b7479b08acfec6eb4ee6a18b3e2ad
674,USDT/GNT,0xcec4054d2cb5f4a7f651de168dbd1d76976a11f6
675,SHIB50/BUSD,0x636142b670f28adcfa03f5f161fab6b671ba8e36
676,OGA/WBNB,0x1b634cb274b4173c678d503529866bed0aa4f2eb
677,NFS/WBNB,0x9a10b693d4fb33582dc723de17c7b95139b003b6
678,WBNB/ANJI,0x09aa656947a80e9dc3ce016c2d73626848c1f4b2
679,MUHI/WBNB,0xfa37ddfabfb918f07d73dbe90d02f90511a53cb7
680,WBNB/PACE,0x925845ca5f5d938d764b44809fdcc5c56db78fc0
681,ULE/WBNB,0x0b6c2b70c3d90d608497bebd88643ac3c3ecf494
682,BFI/WBNB,0x6e2722f9b17c3b1d330e94230b1845629781f74e
683,ETH/DOT,0x7922a2b50fc5e4bb44924e8b7f8e3f40d3b2a169
684,99P/WBNB,0x1b85bafcbf20817ee68b4ef6fcea2ecd50edfa11
685,RTO/WBNB,0x7115081df3750b1467a859a9750ec3e9c5c1d1ed
686,ARRR/WBNB,0xde20dba1d8466274bd40d4877c03797008ffc83a
687,VLR/WBNB,0xc8ac37ce6fa6075db5ead8a54035a41187a6f227
688,LAIKA/WBNB,0x06f5955a5eef1bffa429165b264119bb4776f749
689,MBEP/WBNB,0xaeaa7714c5c6afe585c800e8f02a1e9bdc4de0bd
690,COCO/WBNB,0x22b6a1d20dd7d22d87f08f11d34b2925405a1fc2
691,USDT/BPRCY,0x1459c458db51605d16d1a69642415c0bcc6f0c8d
692,CYC/BUSD,0x191ba3f52c9aa837d5ceef6fb0b2891c07ba98af
693,WBNB/tnt,0x7878ba69435d4aec425ae6ccc34fe12ace6abbf5
694,ETH/ROF,0x4a99a4c6cc6e2591a828f46c782a2c2b5e8abf3e
695,UST/WBNB,0xa4d75bfa3f1757b0517c3d58518fe340998145d9
696,ccCLO/BUSD,0x82edc7a317f17f1f05b801d6852820273112e424
697,WBNB/#HC,0xb569490fb4f05985661df23c866a345241bce258
698,ADAO/WBNB,0x29e44231610a35a4d335df0e3cb51b13c2d9507c
699,ALTE/WBNB,0x444039e785d600d92611334da1ec599ea78902ce
700,DAPSW/WBNB,0xafd083801c4ee1be08106882e10893bc0420726d
701,WBNB/BAKE,0x2d2824ae840268142f2c6d92495c0bc78898efde
702,YMN/WBNB,0xee979a9fc4ea4c4ece69b83fc3c2e4482e7fcebe
703,WBNB/TestX123,0x93e8c02e1ef9322aa1f88f8c31afd5707407ee31
704,WBNB/AGX,0x44d81caf5d9005b5b9dd3c7323ac2d8cef35874a
705,TVM/WBNB,0x0ca345f57f98bc6953e58f36b94309352ff09784
706,PISS/WBNB,0x2a9d2e91d6fd1c62decb80a1e15df1639f746311
707,BLR/WBNB,0x18bff28deee16f707af3d5d73373b58c1fb67ad8
708,AUTO/WBNB,0xba83e7856feb485bfea7b558077b9b138ef9bf89
709,FAMI/WBNB,0x65dbddb2ab11ee29a64ae5044ae9444798f30fd5
710,SUSHI/Lsp 20,0xe49ea9eaccbfa3897eb5533196a026adee3b79e7
711,bitcoinETF/WBNB,0x5e757e146d80f0f4fc80329f5630608f36f7a96b
712,ZNPRTCL/WBNB,0x69b433e08053c468695d54c324586dc463e7fdf1
713,NOMI/USDC,0x71f33eb3862c211f2bbd08dea66a7eae61345c4e
714,TETRUI/WBNB,0xbfea4e53090cddeff07d7f924c34fb00de68ef06
715,OMGT/WBNB,0x663884a496cf792ab8f23921b6f58bac74bc26bf
716,WBNB/OHR,0x6a0f61655fbed8510dac528400f70dc7d6824441
717,BCP/WBNB,0x852107dbe2e4071feb19f4c30c871c727250ec21
718,USDT/GHB,0x00ace5f58a08df0c432e0260be69748673c43046
719,YSO/WBNB,0x075c8ad987c39b11606dd9fcc36c974549fb7178
720,SFF/WBNB,0xe3f5fb8c89f75ad0d91624ef48d7240d22f31194
721,MiniSports/WBNB,0xd9e9ec1e9f217836bfc6ab2c80362e170bfc2b80
722,WFT/WBNB,0xcaae5e57ba5d5e41ab4aea44d0d8be06ea031bfc
723,WBNB/SHI,0xad75e3bf5aee162c6bc17fa0cd5b1229ed23a583
724,KIOSINI/WBNB,0xf3541108a8e370e84ffc8fa325c759f8174daa20
725,ILVA/USDT,0x1a9458b68570c508be609001a24b53d68fd70116
726,‰∏≠ÂúãÂà∂ÈÄ†/WBNB,0x58434993951d348606ff7e4a6c81186892b43cee
727,WBNB/1CAT,0x4b43ca89be45ef2a41a0ae1c1452e9fc3a3c192b
728,DS/WBNB,0xed3eacd6c0444cceccf6f835473a8203b28171da
729,DLJ/BUSD,0x21530977c8e0387a5c52db5e05c85705627df71f
730,ULKR/WBNB,0x3bc59dc4167c719e11e210c87fe69c4ab1b56855
731,FDOGE/WBNB,0xb766df4b60772b62f536a2f7b9238d990ba6512d
732,WBNB/NFT200,0xd963d82c9e5b6ea54edd556e58344f61ca362e37
733,POLS/WBNB,0x01f75673944955d68802542b51fd77368b4eaf02
734,PUBG/WBNB,0x53f03884caf9e01c2f9863816730282679a2a348
735,CARROT/WBNB,0x2d64ebf3074491d3cb517b0e47dd84d5eedc66e0
736,WBNB/$BULLRN,0xc93f22a4cd3a8f2fea82f55371f4e70805422cb5
737,NEWO/WBNB,0x915bf52001620cc395ab7cbc6dae41ccc4adbfba
738,PRC/BUSD,0x7d70a2aeed79881904da562321dc439d12fc5b34
739,WBNB/GSHIBA,0xca2bbb1b437c6af1118788ddb6743a8f0d30f831
740,USDC/MHAM,0xa41784e0d9548edbb9b97662484275a439c3eb5a
741,WBNB/CFN,0x7eaed5a5055608d972564039c0d1933d34a8fc93
742,USDT/SHI,0x97fa7b221cde9197fe3f66d05b61d2f9d23f16a4
743,SLM/WBNB,0x14264bd6bf008cc6a603a87fb881fac0fb42c9c7
744,SWINGBY/WBNB,0x2384b03016340c77ae5fb0acef1b5f309e94f9aa
745,BB/WBNB,0xf3f22a189eacbab8efb69b80fb892421e6ca17d2
746,WBNB/BERTC,0xf2e7b4aa1919ee8b843efdbb98b119d0f52c9c49
747,FTHT/WBNB,0x599ca498978904abada01e92a2a749d8978e0076
748,WBNB/IGN,0x3370b40605b8f61c38e4c20ecb4a3a8963e8b475
749,WBNB/HUP,0xf76138469eb724b830be80a516bd858d227421df
750,RANKER/BUSD,0x228f49ea3765c49f22aec712cb8181e87619debe
751,ETH/SteamX,0x6cb00ee2697b208ce763fb953e5473285be29d49
752,WBNB/MATIC,0x133bea1856ab21aea0f9ab47ce8bcbbf87da61fe
753,WBNB/DBQ,0x7e0b345d15ec88298ae6eff76784b6f9d08adb1f
754,DWSK/WBNB,0xf7ebdc0c32d517d261a66488b2d426da43b66a65
755,SWAT/WBNB,0x98db0a30e4b47ce3cfb6503a0f4668b86e86977e
756,UST/BUSD,0x25652f92ce2c3f9b45f336b595c496ffd7624cf3
757,TRLF/WBNB,0xc72cf201fa3702b447587d48ee79209c19e8a9d7
758,WBNB/GIA,0xd5eeb2608426de40a0adca34226656ca6a716694
759,KBM/WBNB,0xe71cfd2fdf3bd53ecea3205122c98f3cc15a408d
760,TSEDEK/WBNB,0xff5f974ab5f78886b88d3d0e71bccfadbcc27fcb
761,BTCB/Lsp 20,0x50b70204c7c46f750c35d156a1a8d4ecc0ff3e7c
762,BLS/WBNB,0x0376dfd2819736eee9ca2246ebad8c78dd54052f
763,Floki/WBNB,0x79fcf9353c668eaa14cb5bee8886896fd922e5f8
764,ZEP/WBNB,0x3593eaa31c8750421540b1562d0e84a7e9229de8
765,EQLT/WBNB,0x02b61934fba5adff44281027771527a6e404224b
766,SHIBORG X25/WBNB,0x19c1eaaf50653f877a34a0415067d3336b46020e
767,0/WBNB,0x3ba26f500e65274a9b38bb0cbf25bb50ec52a5ca
768,WSL/WBNB,0xec6ef75645364fd9741fe2abdaeea3de26275a62
769,USDT/PAYME,0x3d380e8e81de4d2a585275c8d65dbe889f76cf96
770,DAI/SUSHI,0x98d0e2fd0734725673c3ad7f14fe78f5145c87d3
771,SCAR/WBNB,0x60fd96fd765e7a84af98dc8c346a3146ccc5b2cb
772,USDT/LINK,0x13f0eba436fd2a5a51cc5b65631a2e8dfdc36a64
773,APEDOGE/WBNB,0xaa8b2ca831aec551683f4ddce273350068869bd6
774,DYNC/WBNB,0xc232a815f702b2490ac6d6b49867881ccdd64148
775,CODY/WBNB,0xcd9bf149f15985a89f4960bbc57cefe2d093af02
776,BAT/WBNB,0xb2e30856a6d914d88fd8e030864ffdad1dae3a9f
777,USDT/RCO,0x8c87b72b9943488722c6b3188a39831757ca1c75
778,MRF/WBNB,0x64bb4536f0c35ffd9e648db42bfc0a26d3047fb5
779,ONI/BUSD,0x612623807e0fcced4852a5851e46f2ccb8c635ea
780,ABLE/WBNB,0x23af66c6c991d3c42b450ee9cd24bcfce7574cf9
781,tkn/WBNB,0x1bfa59599b9e6ac616ea66e6f7e2feae86808a31
782,CBR/WBNB,0x0389dcba277220b515317b1ba0b0c9e90b7299ec
783,üí•üêí/WBNB,0x929ebe394936e34d789b8dbb32129661c0f52858
784,MRV/WBNB,0x44301e1519ce18da0b5624fb652590bdc8b6af83
785,WBNB/GFI,0xd5a8ce20f909fc08effe6c70dc6ebc8100c9cc0b
786,USDT/TIMES,0x90d8d2a472fdc062070ad53eebf1eef386157c68
787,SHUBC/WBNB,0x34aa22cd66d8c6d52551c992ab6776f0c2c87f9e
788,Crowd1/WBNB,0xf94ed5a036ee3d157784b59278958445e29a4852
789,USDC/AD2,0x376709cc0ddb6bcca2d6305e8d6d059be8b50edf
790,CTT/USDC,0x080125813f33d97524adce6dc1aca85f51434dec
791,TITANO/WBNB,0x341173eae8735130f1e951f68fbd15bfe3c38ed7
792,USDT/RANKER,0x97fcd9845c00b3ba32cf0229b006d9de7cc4096f
793,JACKE/WBNB,0x8f5b13ba8d15628eade4d326061413e32bd8b607
794,BVB/BUSD,0x06813e85a6c903bf4ed306d1bf8e9134c9ee9159
795,WBNB/TKG,0x2a8b714bb97e46457f8e3229f5c36cc45e2c4443
796,SUSHI/SLP,0x46ce9005b0d6820f42d83263a45536ba2588dc7e
797,USDT/NEXM,0x8b6d8a9f0ebd9f3990a7b204e2bd13724f12043a
798,GLXM/WBNB,0x11b6640c47fd549060de06032abd2c4418babb74
799,UNFI/WBNB,0x61659effc55624277d974dda6730e6c251bf1d12
800,CANDY/WBNB,0x39f939d4948ae22536faab7c88a1e70bbbec7173
801,UST/USDT,0xf062beb512591e3d0e63c5977981b5facbc74471
802,CHSTK/WBNB,0xce5596aa4c447cf27dca3f6df797aa23c7c95f60
803,LBB/WBNB,0xa26f69880813702a08f28fcb300c25073f83efa7
804,GALABET/WBNB,0x6075ef0ac18bb45ae7fd4461c07040559c963304
805,STICKY/WBNB,0x7d88b30b972d3c97446e0240611d4ea6406b3942
806,DIO/WBNB,0xf8e0c8bf03e0f7a4d98c948df5a55c732df56b8f
807,FLUX/BUSD,0x6af9a4b76371e2eea7ab69f71b8601a3d80cfa76
808,WBNB/TART,0xab9923b8645373652ca723214e864b850d0a9141
809,AGXW/WBNB,0xc6497d6a7b35c314770b872a5345fd208f250ac9
810,WBNB/USDZ,0xaaa59131625c9f2befbae165a0f49440a17ac3a6
811,WBNB/DBIX,0x068a8610d50f2b2fbbb32995cabaf22f3ab67824
812,ASS/WBNB,0xfbc3d0e7fb4648282ef7ac2a2b69a61228d4371c
813,WEX/WBNB,0xcdba99c211acf4d24e16ee0d7e836091c733e3cb
814,USDC/MM,0xd10b79da35253225dc1d68943450d11485c03d3b
815,FTM/BUSD,0x629884ee6fc76bfb8a7261822f0e9fec68996987
816,WBNB/BABY,0x02a693eb72170632c3bc16c2a491d16e1fbc2ba4
817,WBNB/BOSN,0x41f8c8d5f7a29c2f5bf7e59b6538b40ff055bd13
818,SSS/BUSD,0x09c0ea1d8a6b1d1c2b17bff5f6ed752dfcf87ac4
819,WBNB/INDC,0x1b9e6c70bc3e1212d2ddc68a70a7de4d83640bd5
820,hoh/WBNB,0x26724639bc6a037c1c03cb79fc84f7b213387957
821,WBNB/TRTO,0xd9ea28b7a814844cd9b52c3f99df3dd0a90cba39
822,POP/USDT,0xd79d586ff9f81cfdb610437b54a80c4cbc7a0e1e
823,BAKA/WBNB,0x84483c733ce60f42955b48a26319c47711a5e7fb
824,BTD/BUSD,0x99adc214e3735d5f9391811bcf21c4fdf91ae9df
825,SERVE/USDC,0xbfaafc68ef8ae8cad1a18dc423c9dfd051020804
826,ORBX/SUSHI,0xdfeed011a5a55fb2d187e51590701fbbd9c32ff4
827,CETA/USDT,0x46db221411a8880aba9d2ff1c7877e860bfd1fb9
828,TET/WBNB,0x7c644a61ffeb16226f68f28c11fc44c0e2e7909b
829,GORG/WBNB,0xb4d114ae189717b901be9d354ed6ba44f298f6b7
830,GLA/USDC,0x124cfa3b6b377696e508fd83e3fff6dc5f058235
831,LYT/WBNB,0xd95d5bb86ac42e1f6055f9ff32672d4605e9fef2
832,USDT/GLA,0x0ef6c3839f780ed343151feb7ebbc35954c40fc5
833,SHIFLOTRI/WBNB,0x41455f82622b881fe0188f278634a199a6e38f54
834,HON/WBNB,0x9276abc7efba3d4c87c170979c00a3203c243a73
835,WBNB/wBnB,0x6510f6c04d32840c88c926a9df2f76e09830dcf9
836,ATT/BUSD,0xee630824b72d2c9d0113a04453648a297638ec1d
837,FCB/WBNB,0x317463687aaa13d7e3622b71b106e2770b325489
838,USHIBA/WBNB,0xb9b56100f50efb650f935b284a6b885986b01df6
839,USDT/TRX,0x7a0c9094bd51d82b8759ba172bfa52a2550103c6
840,COIV/WBNB,0x0310dc249fde8144a59f9fb78b3de35750174bfc
841,DRIP/WBNB,0x39fbaa346a775f9991e9cdae74e1e260c7f2f5a6
842,USDT/SAFEMOON,0x0b5b16f0cc84ed9918b7a3a3fa1b29d5aa50fc64
843,EKARTINU/BUSD,0x643dbde68d1a09ff0e8e425cc99ca739bafc4fda
844,WBTCBR/USDT,0xf09b97c7195c8585d1a2eba810211c6887ce4acd
845,ANUB/WBNB,0x3e924ab88bc9161a0eca28151dc6c87810fd5b78
846,FOMOBABY/WBNB,0x194268e74d802ffa47aeaa08704402b7cee9fc75
847,EVERDOME/WBNB,0x1d3ef90a8d80887b2081c6b16732b220abc9674a
848,KUN/WBNB,0xb27d1bcb7fccf2ad02e1fbbe2cb97fab4bf446ac
849,TWTO/WBNB,0x0cb01588567700e53ab99a24cc79348bec84ca9d
850,MEGARISE/WBNB,0x7a22aa9a94556840cc0e5bb66b7d5b3cf1e34df7
851,WBNB/XXX8,0x2e284a49967f7738efe986fe54eaf40d3d1d82a7
852,SOLA/WBNB,0xe2bbc624aa99f8aa5cce93f0181150d27ffdf250
853,NOODLE/WBNB,0x7c9c9164c592cdd281c0e5fe2698c409a90d5fc6
854,AOMX/WBNB,0x2ca063a9544786e78cdc1ec4a4569362a90aa729
855,Badger/WBNB,0x9240d15d671ed815734bec90691e4f40de2be605
856,SXP/WBNB,0x9d83e79afc49b56a075a64ca38898eeb6c31340e
857,ACT/WBNB,0x53974396926622cbb8d4dd2569bd2fb0294f1588
858,WLNG/WBNB,0x23197dbd3af85c40ad3bdbee3b5d49358bbb17d5
859,SANTADOGE/WBNB,0xc7af5232cc1239ad164afc6de83ee1e3eaccc6df
860,WBNB/CREAM,0x5f4cbdfef2c4a4e3cfd1aeec831f6306da1bc1ad
861,FTM/WBNB,0xaa4f94af8f952009c0fee10e3566c57469f673f2
862,BELUGA/WBNB,0x11ef845f3e78e0334096d49901f51e7d0d45be94
863,GVNT/WBNB,0x42f1d83a821606046218fc17b5c688faad4ecf0a
864,ROMA/BUSD,0x3ed187b9b220a2a4ec7cfbf962ad02fb25198ff4
865,ETH/ALPHA,0xee27ea6697266870f6d5932d40a23b3ace12a3c0
866,STATE/WBNB,0xea0576de9b04e7e3201c4c453ad535cc60fae14b
867,ETH/401k,0xbc74a6dac4de475b35f05e05a9caa8373c584483
868,WBNB/test,0x82230ca986c2456910c522c65a3d07cb0e5b0d45
869,1CN/WBNB,0xffeea223ca341b0bb68076ee9dc808c93c3d49ec
870,1TRC/WBNB,0x0fb437607fd05bb7f1e324481eaa7c2909a15978
871,CR7/BUSD,0x9141f869cf2a80d59599bb4bb3723f05678d30fe
872,MM/BUSD,0x63cef7a5aab5c320b54ebb111364df48ebe5ee2e
873,WBNB/HERO,0x5cd50bb6e887b47af803f7bfb6382ff6042104a2
874,USDT/SYN,0x8f004a1cca228fc81ceff1b51b436a0ea57826de
875,SVC/BUSD,0x1cb25ceed4207f8380a8582707c9b9f3dc1f9edb
876,ONECOIN/WBNB,0xa0194ac8e3b942aeb84229f6e20ba1fb655bf1b2
877,ACE/WBNB,0x52073843b7b605fda9654de1175eb419af1a90fb
878,NDO/WBNB,0x70843e7def374529804c320e4742c1e603909f25
879,WBNB/3X1,0x9a6b29f22ed24fe0181983628900d5bc82ee80a2
880,BRYN/WBNB,0x1f1fa559a1c810242bca0657d860c3321deec088
881,ETH/YEL,0xb7e6cd678c9faa0e2d07551ff6912551b9095f10
882,Tablmoon/WBNB,0x662057a9603c2daed5498ad147b88a8559a1c2d4
883,WBNB/MCL,0x151acf1feed2652ecf827d274e35c7acae008492
884,USDT/wCCX,0xbb4ceac4eab6edd22abb67b66dbb4435b7e0fcd5
885,TIKI/WBNB,0xa368904c6ab4e46851dc13646f2c5b0db4911f31
886,TEST/WBNB,0xc544e54f70dccb3b0ac4f0b8aa44a9c6b78757fd
887,0xzx/WBNB,0xe8611b4296acaec7d074c5d70d9cd6dd93736d83
888,ILVA/WBNB,0x9a8fb0de87271212d5bc398bc64b9718c41439e6
889,WBNB/EXT,0x092c9f8bc3f367354b03356d6b4c75471de798c8
890,MVV/WBNB,0x368f2f84c1c0dc8eeeffa3036286638fe89e5599
891,CTT/BUSD,0x3a3d7fb180831aa7ed6c089cf1943fea9e06a5af
892,USDT/BUSD,0x99090620c57c74386a22e7c53e834dbd36121fb0
893,STFI/BUSD,0x5e764423b536887578615fb300f79347c758fe21
894,wFTM/WBNB,0xc1601bf016367973eee08e2647df72f947246b2f
895,$WS/USDT,0xa845be0e6567e7137e89a81f2bbbb1d087816f2a
896,PARS/WBNB,0x3745894b666a693b84060c258732cc2180cfe0d0
897,SHUNT/WBNB,0x10c9844f4c12ed5537fc4f15e35a1d2146014e3e
898,COOL/WBNB,0x500914c8d097e82b95086abee7c2849d8c31b589
899,tPLS/WBNB,0xae763f186351bf1f7332810ceacd9977dfceaeef
900,RFOX/USDT,0xf206b3b16ccf6305ea0c34b6f1ce930c3d6884e9
901,TORD/SUSHI,0x2762461da499b4b5732a83a27bb5a6e7bc29c073
902,CSW/WBNB,0x11c871ad713a0fe4ee21c9b768e2ce10db6e4fee
903,LIRA/WBNB,0x3073ff5cd46a15c24acd2d6e18eeb5edb18a550b
904,sti/WBNB,0xf44b18ab5e1954850efee6b7e099a855b5d7db01
905,WBNB/POWW,0xe714367cec10952bba858408b4281d01ca067efc
906,BRP/WBNB,0x1edac13895e98ed714745352e44176e8f1601db4
907,SHIBA22/WBNB,0xd635cac33cb2f3f778fdc8c1697b9bc0fbbdc21e
908,WBNB/SushiInu,0x0fbd4c5b9677025860cbc3973a0de09e99a80bb3
909,ETHM/WBNB,0x80a8b86ba66cc7c3f893a15670efa233547dbb7b
910,ZARDOZ/WBNB,0x90305a4c08a13110bcc78d15ddc2708fe04e46d5
911,DAF/BUSD,0xe99db59e8688ee6b7654f90c650bd12cd8b2283a
912,BNBMUSK/WBNB,0x04c516c20731ea89bb2605f171892459a147223d
913,FIL/WBNB,0xadae5072dfe409e61da1efc804b40137e3886850
914,MIST/WBNB,0x648425063f97c26ca99e95100653638d924ec112
915,KAMPAY/WBNB,0x4e3cd653be4a52e3500a3377568cf3b8e855932f
916,FTM/BUSD,0x9c6966a8a9da2090b75d8326bb0caec176b8d4d2
917,WBNB/TATE,0xc2bf1b88c34df63e350c54c0bdfea3e7ada28049
918,AMLO/WBNB,0xac6cc3cc8dd86afbc6e818f14c19f0c32ceea45b
919,CTT/WBNB,0x98afef601a832cfa00124c605e3590f455f8d007
920,CBN/BUSD,0x51a9eff1b7d8bb32759090c156db362e6717f229
921,ETH/ANKR,0xe861aa00dc09f059c2a42c517bfacaee6a7c61b3
922,XCB/USDT,0x972cadd71facda4c729b4273d7868cb2f2a95841
923,WBNB/GFN,0xb163e97bc3dc2ad32d532074f5c47b7c927f8188
924,FREN/WBNB,0x996abe1b817df2d1b9da2163bc7e1d34fd05b881
925,DeS/WBNB,0x3ef88a41ca2936bc08c082a1660d8e9dd542f130
926,BabyCare/WBNB,0xe77ef4e61a47bdd42ca662e0efb96eda6bfdd5c0
927,SPC/WBNB,0x8f713b6fd70e30d6e57dd46a717f7c7c75a51d9b
928,IMN/WBNB,0xf7d36da15c9a6265c7edeb30c0490ea3d4829a6e
929,$CMF/WBNB,0xc453b8781e186022ff14bbbe9db931eec93db17e
930,RAFIK/WBNB,0x0077769734be0c9012df764dfe34445fbe507cc6
931,BTH/WBNB,0x98782ba2a50bb4ad659bd0e0af31923219580ba4
932,USA1/WBNB,0x4ef68ab767281af6ade266b8b6974d590c380e7b
933,EROS/BUSD,0xc6b4df3fcb3973c0c58a78c72e331bc5ac63e42e
934,WBNB/GTPS,0x42b59d7134e49bad8bce60366c1f1237636eba3d
935,WBNB/SKAI,0xa315c1814f0fd6a925d6d4ed67892329cc7c2466
936,MARS/WBNB,0x905c3ee0668e37a14e4926b979202609a3d36dbd
937,GLD/BUSD,0x4e435f2a7c4cc9f32d8baba61949df6be5f34204
938,SOC/WBNB,0x13e21353a6b50f528ec0e9e9669208fd261d4718
939,DOGB/WBNB,0x188c8526277ad329ec9e0db73d5bd455a5361249
940,METAWORLD/WBNB,0x160b231130ab14069f36fa48e870a1278400dbc8
941,tst77/WBNB,0xa54f6973ae2d8f28319b3561da419f7e5215df0e
942,KOINS/BUSD,0x101341a87b119251ae656f8360a9cd745cbc9e42
943,HMNG/WBNB,0x57fd34afad11785148ee1250cb4ece8fd7bc23d8
944,FORM/BUSD,0xeda2aacc91720ee9d46bf8f3b5656a959eee1571
945,AAAA/BUSD,0x076c5b93f85e97d4e39b79f5bb833521d2c9d618
946,WBNB/moo,0x3e6b3d1736fcd08d262d93a03c5576fa006595c6
947,WBNB/A1,0xa474751a9312f207f69ebd13830f4b7ec10c6807
948,ODOL/WBNB,0xefb4e0c9a641b7e56cfc2583fb0a5c4408a9025d
949,1TREE/WBNB,0x8575871ae337d0f077ccf20438c775942096e402
950,AEX/WBNB,0x0f30f998027adabd17a8effb225326f654b2ceae
951,FLUF/WBNB,0xd3f0ddb298475122266875be735dd30d31d2ebe2
952,ashi/WBNB,0x01ba797ac20e501258316480bf1d9bacdf69e37b
953,MCRN/WBNB,0xef5c6d394302cc99a916b5a03e619a07f02d9fda
954,AXO/BUSD,0xf4c8bb750d0530d2711b86291d299e27fdc8c217
955,B26/BUSD,0xf746bff7ec6f42411ee61a3d71fb3caa92c9df5f
956,HARE/WBNB,0x85596ff4845d1747b084f5df002590044a731ed9
957,NFT11/WBNB,0x18b4ee630b8ac0307b8d3ca98396c0c0d71f3d35
958,TRX/WBNB,0x00e9ab63b37f23d24e65c761ba6ce5320cd4577a
959,BANANA/BUSD,0xa544d39a56d45127adb028dfaa1dc9da235a716c
960,ETH/Lsp 20,0xd972b0a094a5ee1d2f8ac8b10df2de1553cfadc9
961,WBNB/BIFI,0x9288b17a6a7042e5612cf7cbf9d7bf0bbd46913b
962,WBNB/A,0x3046c5660ded1e4b64b55c2d56a4744124e0c6fe
963,ARFI/WBNB,0xea3f6422ffc018e32d4c8b3cf13ed470331b2415
964,SibeRianHusky/WBNB,0xeac7e8f150966ed06561c069237373cbd0b8bf39
965,DWT/WBNB,0xe91ef669de68dcfac36ca096f80b8c01ed5fb5fa
966,WBNB/HVI,0x7cb617f4b4f733708081f90cda8bbca67afcd957
967,ZBBT/WBNB,0x4df9686ad159bbb826780cfeb89f2cdd194f84da
968,BBTC/WBNB,0x6670dc9e9a8501f89ea574435306bf9be8033906
969,CZR/WBNB,0xe90e728f0ec219e30292746da8858da4d0104d6e
970,MMT/WBNB,0x725cea20610f6dfa3958a6b7cecaeaa58837b2e3
971,SHX/WBNB,0x4f4bd4722a9e6e3c1d2ef47430a335362b0d20b7
972,Santa/WBNB,0x3904dc7710358e029ea94af7933b9ac0b1ad1204
973,ECNY/WBNB,0x3f195af15661bfc2a06c4c4c2fefd503a1a7ec71
974,ZAL/WBNB,0x5e560916b2643f90f341faf1ade4c79127977514
975,PAL/WBNB,0x10882643c13f88f9c2a93cd50e8fb2ae30b816e5
976,PJ/WBNB,0xae88847202dbc8d91fb69266084495919237ab34
977,electric/WBNB,0x1047c780e69b8216ea299e0cc9fddace9e375368
978,WBNB/PIPA,0x2c5b495e5ec7935f92183431dcdcd2e227c4b04f
979,FLIX/WBNB,0x301b69cddab752e7f34b3c9c1a5fc7d02643cca2
980,DUCX/WBNB,0xb003e1bf183d96d8da7d644aed894ab8ac811ab8
981,FUNNYDOG/WBNB,0xdff4d349f06618438104da15070aafcff842aefa
982,SHIRU/WBNB,0x15e25def55465d49d27c5fc57a59fd6456395cda
983,FLOKIN/WBNB,0x3fef91bceb2044b83b2bd1df86df2f866910a703
984,AXS/WBNB,0x317678ba5b1bfd8f1a9e34f589223f1c44ca96de
985,LITH/BUSD,0xc09dcc2abb2b3b159bbe5bf99e2de2bc6043ec97
986,WBNB/GalaxyGold,0x5c92c664cb7554ee2e281cd89c349df7a4fd2922
987,666/WBNB,0xce06cd8fa4feacaec57ba0d88575c9ccdfcb887f
988,TIMES/BUSD,0xbb9d1cb3c6b2e3db00a4c68fb651dc0d241627c0
989,SFUND/WBNB,0xe2620abadf7c2f5cdfed793bd0996adcac29ad2f
990,BW3/SNRW,0xd25528068c6a7dd01ee56f472ded60214c5c254e
991,KRW/SUSHI,0x6a08e2927a0cd191189929946741e151e28fac3b
992,WBNB/$ELONOM,0x08d21355813861c4fe718ac23ed88832f3981532
993,USDT/GHT,0xb83ae7f9defb5a709bc3b4ef09578b41d68a3828
994,AiC/WBNB,0x2c161e95db61a3b8eb92a5b47a59d85af7795091
995,WBNB/DOGELON,0x774e080a16260a2edd4f1e27e9e903c930ae2d3d
996,PANA/BUSD,0x6290e4c4f1cd1e2c93571ef5c9d7eabc5c41b2e3
997,BTCB/renBTC,0x3a310871d843a5aa1cdf4079406ed9080eab0a16
998,ETH/GTPS,0x8e03af78230de14a707cdc06272296f29bf19299
999,TAX/WBNB,0x8d22896f1ded7c8afb283b16e665692196d7d6a2
1000,DORAC/WBNB,0x49bede2d10ffcc52e70958ed2b0a56cb26bae073
1001,SQG/WBNB,0xe91fe0f08729591707f83fa1b78a1661d40798c3
1002,TUNA/BUSD,0x7b3618271dddc4fed976ebeb0dbeb24a6edd6e3e
1003,BUSD/ICE,0x967069a334279b50e18c50f122882d5d61f31a30
1004,WBNB/QUACK,0x7ca57baa7c197e3b8dc987cd41100295765cf540
1005,AMOR/USDT,0xe4c059c8f12692ec61b928379459e7f58287e3f9
1006,ETH/BAT,0xd0944885cdaf10088fa907fa33c79a82b35483e8
1007,VOV/WBNB,0x98ff780bbe474daa807d2beb7bd80924b2e5f31c
1008,USDT/BTCB,0x5f8bbce851b869eb0abe7a336d049a7bdae5ad18
1009,bDESC/WBNB,0xabb0ea2f791c22087e1057718c1f5703bc7f0926
1010,PAAN/WBNB,0xa0782726e32f7c873cc6dd2ccfdea13fad1d88f4
1011,NMS/BUSD,0x5212772ad9cd19578b17fa156bb20e55a3e86b41
1012,Ÿ±ŸÑŸÑŸéŸëŸ∞Ÿá/WBNB,0xb7690ac6a77b8aa1eab28da1eeb5432a7c88e183
1013,SUSHI/REEF,0xc61196baf8fcfbc5cc897abcaf84b26ac1296341
1014,NIU/WBNB,0x6cfa71385db3baebc7008ffac4d2e45de4d3a279
1015,WBNB/LAZY,0xf173113a5d2f4e447ac8b9cda97a33c1833671a9
1016,WBNB/ANKR,0xa20a6f81bbd59060da05ac38de1e38adcaad2bdb
1017,SUSHI/BTCB,0x8cd49208687b9601fe38a2d07b146cbb7ef0459e
1018,SFEX/WBNB,0xbe0ed983112cd4c85dda7b4c62600402681d52b5
1019,TRFX/USDT,0x4b7a7800ca83c10ce27605ca0c0c61ef7769c9b9
1020,WSPP/USDT,0x22eaeba49a9c1614701781817b0d553cbc75869c
1021,WBNB/RANKER,0x36c29b3ef7d12879c2972f69c8c31c7b7199de3a
1022,MATIC/BUSD,0x10ba7b2531891cc9d605151f3dab15b98ab4eb26
1023,GNC/USDT,0x299ba4cea3c36dc3e694b4de29cb2783b069b426
1024,RC/WBNB,0xbcb0562e80ae1d0b87ae7416a03c5125e0a02c6b
1025,PAK/WBNB,0x1a7d63e230fffb2139f7cd25a3aa2a414d118170
1026,USDT/ALICE,0x2412a6dd73db64710be34fb4b5f352b851b894a4
1027,WOO/WBNB,0x91df31eb89a7551be796932c874ad76262b546fc
1028,WBNB/Lsp 20,0xdc6d18ad913ae379f862de8dcb57dbdec73288d4
1029,WSPP/WBNB,0xe58ed17c7066ed60d1c4b1e545c4733bd6f03229
1030,WBNB/BGD,0xf0582988ead62552ddac8743052f05e577f278e7
1031,RLPH/WBNB,0x864ef66bdca99461fe07641213a5cde1acb524aa
1032,ETH/ADA,0x9a7199a49d7c82dc4f2dc8ea7dc2a9550dccfebc
1033,ETH/LINK,0xd4fe1ecfadeff6660941da4fcd84ca5a81f7f603
1034,WOO/USDT,0x53d26368cb5fdbfb29966df89cecafd9e709c2d9
1035,SHIB2/WBNB,0xd56559daa9fa1c270e4943be262a54e5ddc5a2aa
1036,Warden/WBNB,0xa8516ff2a24ffa19677a11fd4ec60a336e6645f3
1037,WBNB/BSW,0x939a46cd6035d176f1e9c7d7276828582ba97dba
1038,BUSD/O3,0x9d6b3bd1b27a8f030ed2ad1c57f789bb7b7cd5f9
1039,BTCB/SUSHI,0x4ffc4130b66111506fd3bf1ff7de42d389555f1f
1040,WBNB/GIG,0xf009328050459bb712bfe5bee7e8ab2d17c02e10
1041,WBNB/œÑDOGE,0x5f0efb6fbe7b63643fb3a4f536e669b60c567a72
1042,C4C/WBNB,0xd449e4533058af7fd3380e225cae6f5ff0af8812
1043,M87/WBNB,0xf293a82b06d2f878678ae7a62d78fc65ce7e796d
1044,GGR/WBNB,0x2d545c8036fbc7c9095f33971296e91cb9f28e68
1045,WBNB/NFTART,0x56a08a49a6200768dcfed3973aeb88499525389c
1046,WBNB/GART,0x06c41e1d08564762b9291ff67591c4262d08b1c4
1047,WBNB/COC,0x11ba17f2e6364dd4e63e060fb67f9d45ba88cb3d
1048,ANOM/BUSD,0x63c9f5b67b95bcb6caf0a322e84045ecd0b8588f
1049,WBNB/RGCoin,0xd30faa58b02878e65bce2ed9a6b10069986ce15d
1050,WBNB/PIZA,0xe3c3c205a8c7f955eae0c711f5b6460b14a16efc
1051,GTA/WBNB,0x5fec8e88923d7f7745f5681f1c8803c3c3b38e9c
1052,UNFI/WBNB,0xba00d58f1c4ae9dcb151771b0802310637f12d25
1053,MEDOC/WBNB,0x97983102b6f3a105305d09b8190b7713f4d0549d
1054,Onion/WBNB,0x4045937f55377da4c30fe06984c14e7f6621d48b
1055,FlokiFrunk/WBNB,0xb5f51f99d8a3e3e3961302a6a4d8d0bcc0bd5219
1056,MMFT/WBNB,0x7ac5f478377a5fe4c728899f1d689b38df159400
1057,ICE/REEF,0x95304d219fef3dd7a0aab73c852d485277e0c7f1
1058,POLS/BUSD,0x61be7c394399c96812be1db0ae7dbffaba108320
1059,BSCPAD/WBNB,0x0ea23a394ec6c2b9b4a3a0e2c3e017e08fbd5036
1060,HASNT/WBNB,0x6dee7ff131cf4e62bfa9e83748d411fc673d518f
1061,BRAYSHEET/WBNB,0xaf0f3539c75930fbb21d34d377f6813e61e71c85
1062,BAT/BUSD,0x28a2a36ae0ff0e603a4bd597997df4b9ff6ad82f
1063,CULT/WBNB,0xad878332ea3e78f7594fa397b3407fbd010ce5c6
1064,WBNB/MTE,0x28acdfdd1d51d659b2811c4b6333a74ccc75bb3a
1065,Cultx/WBNB,0xc11a24dd4a7b97b303b6fb08290f14dac679b9d4
1066,HPAD/BUSD,0x4846db3a83c68ed59f836c0ae2bda1cfe932891e
1067,DEX/BUSD,0x6bb68f2ce57489a40520f518a76bf18d61bf7f00
1068,DOJO/BUSD,0xba30729b006efaff98c474cffc8e9d55dfc5f848
1069,NGT/USDT,0x1c061f925cc10fdf9a4103ab716cb47ddd545f88
1070,WBNB/BOSCO,0x1fc5cad613e4c6b3a664d667da4ec241693f05b9
1071,CONS/WBNB,0x12748fa7dc1b3b70d8a8571ff0e1ec9502551ca7
1072,DOBO/BUSD,0xb747e827ab4c6e24f793c1ef2f62f3b9a30b7fff
1073,WBNB/GOD,0xba2bdd7153cf5a290457f21551e4d5185d0198fd
1074,aLog/WBNB,0xe36ac48e4f259f1d68f2056e461654923d87fa13
1075,ADAcash/WBNB,0xc2fdb3197f176d37a88bd4a9beee9b0eded34dcf
1076,CDT/WBNB,0x4c34964cec1d4244a394e94f60494185fa03cf49
1077,GLDLVS/WBNB,0xc53141163e2d807ac1a538efd4c4cb531fff07c1
1078,GMC/WBNB,0xb15ec5a82cdb1a0ec99e214ae978c693a54b43c5
1079,Fix/WBNB,0x0692377e3c5f5eed0828ac46d2cd01ec3024377d
1080,BRNY/WBNB,0xc1411a6a07b760732a35eddcfc03f1851f21539d
1081,SUSHI/rich,0x94afdba794a0eb0223f4f211851fc4286bd2464c
1082,LOKA/WBNB,0xaf2e8fccb2a1293f73ef2d108d0ec27141df6611
1083,ENLT/WBNB,0xc152ec3603c36de6e1cd661f458808be6a2d2af1
1084,EverDot/WBNB,0x36f5220600c93a1c1c0a8c35ee7d768d49b2a0fe
1085,USDT/Iron Hunter,0x6a6bf6a36bd50f65bdcbb6001cbe6ea6f0d120c2
1086,EVM/WBNB,0x175309d3aa99fca5ad6396e01dbbaf688f029822
1087,USDT/cMETA,0x8eccf37005c7a3ad26bd9050b7a40c5230bd15d3
1088,BUSD/TRTO,0x742a073ad85b5c0ce206af3ed7bafba212c5c46d
1089,Joes/WBNB,0x336efc214b721cff7336e89055508d140321c811
1090,ICE/TRTO,0x7fcb72d917cdb69f90cf54f03884effe4394a420
1091,SHIBG/WBNB,0xa88d635babff479b284dd9d9a6ccbd6071a00acc
1092,1T/WBNB,0x4b14f0df0b37e0b4f3341790e32fb7078aaf051d
1093,WBNB/renBTC,0xb91d8ec2e216bef1149d8e1cd97b62d3f12c9b91
1094,MONKEY/WBNB,0xed210fb17b71caed60e2d8ef9a17ca69c312a477
1095,DFIN/WBNB,0xf036b17ca6e1c3710c8d4d3b3629e03f84f4b3f8
1096,SIG/WBNB,0x747eb474c32c5acf53d280a64fb215fb88d047c7
1097,FARMA/WBNB,0x6726f4c957dfeb4abbf2ee12257b03a1ed1289ad
1098,WBNB/XRPB,0x5819168dbfc35a3a490bae1239e29c8a06ee70df
1099,BABYCAKE/BUSD,0xec2b9972a8ce913ffe2a0a0bacd9215c661e3ac4
1100,EHMET/WBNB,0x5fde3cdf9a99476aef009e21d5952a1b6967390b
1101,DEX/USDT,0xcd092430ae46741143eb7a55f726d6d347799a1d
1102,WBNB/Shytoshi Inu,0xb4e62f3daa438ea73d0e0b4991a915ded66e4a8e
1103,zeni/WBNB,0x4b4fb2e578811a6f64b55c94c66ff77f38fdb5d4
1104,CHAMOMILE/WBNB,0xf286b8b8bfe5d732c08e6757fa27a50ea0b9a5b4
1105,BURGER/WBNB,0x064d7c54e7b1342fcd925868513ccd18f768ecc2
1106,WBNB/BONET,0x8271bd19f479af99cf5b51135909c43c9620a469
1107,NIKE/WBNB,0xcbe6afb15d4f8d82563dc711e53e99ab4dcceddd
1108,USDT/MATIC,0xba6266b72a47671ef8363dacb6beca2d2a002c7e
1109,OAI/BUSD,0xa094e26ef8d185dea18d841e488b1fe798887bb8
1110,SBB/WBNB,0x3788d8925e3a5a2e6fb99a46a2bc7c58c3de342d
1111,SQUID/BUSD,0x47a2a69a21aa1fbfcbe010cda9588d207e4cc274
1112,GROVE/WBNB,0xfc58970e3192cedf0bb010a2b1368f14845f478c
1113,BTCCB/WBNB,0xa9cd687216b7c0f17ae6c8dc3cc467507300a7a9
1114,SQUID/WBNB,0x3f283e51ad3d81b44d406f92ec6fb97d0e7d0d66
1115,WBNB/ACK,0x4239df037039d67469d5ffaf02c705e6d54195bb
1116,TSLA/WBNB,0x15351fee328759aeec8fd26cb49b4c6a0fba95e7
1117,SAFEMARS/WBNB,0x9993ffdd1a5bac196a02b37648f9d91b68e4e87a
1118,RAMP/BUSD,0x4aa4d0de5d9c0404095620e811d65875a4c84118
1119,VLXPAD/WBNB,0xd7116f522ecfee93620f8114d93506df5a6bfd87
1120,USDT/ACY,0x144252cf7feba709c1a4231bf7a67f51ba72a751
1121,BBT/BUSD,0x484825c0212d16d67135f948ae8fd1aa6fb0c426
1122,TANTAN/WBNB,0xff7fbacbf6c302e9bb9adf105cd7ed0a0240ce94
1123,GTPS/WBNB,0x909bd933864be0eadf7e11bf2bfc6c32afcf2bf1
1124,SPOOKY INU/WBNB,0xe7eacee405ba5b4ab4a15feb0f55c37cf0d8526c
1125,USDT/O3,0x94a9b0be7236af5cc9481b18f30d8d17c25c4e06
1126,SHINIBU/BUSD,0x76d1a5f8acd6d306923890124a15b7cc08b007b0
1127,KPI/WBNB,0xfed1a78ae624891f742264bd1d6a1b6737b0944a
1128,STRL/WBNB,0xb7b6dd35ed0dbc6bc79ad2adba7e43119c99ba13
1129,EverETH/WBNB,0xbacf6b430fb46fd09fc9a8cb39a8abd82f4dfb0d
1130,LUNI/WBNB,0x6de236414052fa24b28ee8aaeced1171daf61ec4
1131,WBNB/GSM,0xb3e93e4d4da5a8ce9048b013706a1a835463d18a
1132,WBNB/FLXP,0x5d44687dbd2d02956636b09ae1ed24fa50cef961
1133,ALBA/WBNB,0x3316d292a08b6faf69d003acb7c0e9f56b106b32
1134,CPRO/USDT,0x3f505c1ebee9fe2204715795945b223149fd0058
1135,USDT/IOTX,0xd77040c8d37178ac61bac7b608207736bff1821e
1136,WBNB/SOGE,0x939bc3ca18bef80bc3ec6c2b7c3895219b6a91d3
1137,WBNB/GNT,0xe613f0de5b94c441237499c4e11d827113bfe79f
1138,EPS/WBNB,0xef7364d3c988ca58c17138a9698a340ba2bfe63a
1139,WBNB/YLO,0x66756eb51a263c5d83392d1f70f66986f719004a
1140,Cake-LP/WBNB,0x50571b77b38bf072d3f9d508c17dc4eb9729c0f0
1141,ALPHA/BUSD,0x664bf318f2fa47db8345c685c915ee11ae78facd
1142,WBNB/HARD,0x24e3aa81f01cbea82cb00bfef5f78db98197b85f
1143,RAILBSC/USDT,0x99f372217f1351a4f0d2c7dd84119ac9bc7724db
1144,FLEPA/WBNB,0x801bd3211f814e806b9b10645f0e5d49f7803f17
1145,WBNB/TREES,0xc87e83fbc160e9bc368e77602c4e59a5044d1b86
1146,USDT/FROSTEDCAKE,0x3a24b731eb9e9b3ffd47900c1dad5371c12f4498
1147,BP/WBNB,0x66334ff929841920e1a1dc378abc85167344c8dd
1148,C98/WBNB,0x313ead8115389d06e2191c8c22822379ef0699f4
1149,VTECH/WBNB,0x8e702fffca221d0f3d95b08dc4ddbe5209c49357
1150,Hach/WBNB,0x2a3eb2b553a2ac1b7c3ae4eae04255e060c7060f
1151,bMXX/WBNB,0x892d17b1448138c2d73455099db6579855dae1a3
1152,ZNPRTCL/SUSHI,0x1509899f9c523098128526369d36065a6877017a
1153,USDT/DGT,0x008a71b197d2fb076f909ad8385610e7128a8720
1154,WBNB/SIMA,0x40e95a611ae464994972616b71549e161d56e1b1
1155,ADA/BUSD,0x5c3f3b7f3851ee761648a961441cc1b474567479
1156,TUNA/WBNB,0xa1e4b966455aafe86043b18a28b99d62e5158de8
1157,QMD/WBNB,0x1bea5e1effa732a08360ccdbe180bce5f40d5a0f
1158,WBNB/DMR,0x5a2017908ea2978eee4c7c85504ddb9c6567e8af
1159,DogMoon/WBNB,0x1127a63a2cda8063cb74e9bc953877284c10cabf
1160,NARCS/WBNB,0xc782978019a4045844d967d6707174b8f810ee4a
1161,ETH/ICE,0x36cc9a7bd3b546acee05f4349704cd21c1965059
1162,LVL/WBNB,0x3dcba2d2ac6280c1d9f8deb2bbc5f9e28062bd86
1163,WBNB/SHBTUBE,0xa4a9526eb0602d842746783c7686cbeecde7fadc
1164,Cake/USDT,0xd5bcc36f9e852ce059843cbeeff6680d09330a73
1165,KETCHUP/BUSD,0xb133d9497d31f6b064459fc69366be90eaeb1a34
1166,ETH/TRTO,0xc1939f9f150db4b25701a18c75c3b25a78f2b121
1167,WBNB/BOL,0x8dfca83c4942570a58668a4f2d558b0383e59c50
1168,WBNB/TVF,0xd238efe6466f321b247a28f09f049ac0bedaa62e
1169,AMLO/USDT,0x2b5389abd25c59c8f3f153903a249637a3130071
1170,AAH/BUSD,0xb0382fead80c9a32508d85ed19feb225b03b207b
1171,FHTAGN/WBNB,0x1632095c30a883b7671ca0211f980946afaad34b
1172,WBNB/TRUV,0xe54c346c8b79c34e38ef64ae4b4cb0d2da139f71
1173,USDG/BUSD,0xe793668ea7b0040f9afee833af3bdb2afd43a38c
1174,BNP TOKEN/WBNB,0x90597bebd788951b241c1f3510d21c36a2a298fc
1175,YOOSHI/WBNB,0xbf91f0e16568d789380928e7f61d8b3865943c5b
1176,GLA/BUSD,0x182fca345faf2b839ecc76397f66d96fcfaf2f74
1177,SOL/WBNB,0xcc64729d6f9ab20c2a919bc82758cd98b8a42352
1178,WBNB/BTD,0xf20db464a7058f2af21252f0ae4156e8ef059373
1179,ICZ/WBNB,0xece46269a34483b4cb98b1608b6d96d116bc4421
1180,FOMO/WBNB,0x4ddc139cab204b299afe0561969ca620d50058dc
1181,USHIBA/WBNB,0xd827e37303574d4e94bf3f65e04cee87f96818a3
1182,BTCBR/USDT,0x451b610cd58672360f3f7a5841220959ccc96f7f
1183,FIL/USDT,0x1d6ec5dd3c1d48ef09cdcb23cece99adf278a25a
1184,FN/WBNB,0x24209c5f95f97f7460f27cfe311ba7340c8e766e
1185,AD2/BUSD,0x462b76767811d5dd0e2e875ff06c4410125965b7
1186,MRXb/WBNB,0xda7436c40634145bfe6264fa3f83334e29acc388
1187,SAFEMARSCASH/WBNB,0x99cefabd7bddb07a97191125a031963fe1f5cb5e
1188,SOKU/WBNB,0x152ca85de9795850ce7c44f430534ef82f7273cf
1189,EKTA v2/BUSD,0x7e2f511b2c3282d6e49c825d486d2999104dca2b
1190,BabyPig/WBNB,0xe7337d635d9f3e07c25ca5378f08432c0754e9a2
1191,CRDMR/WBNB,0x0b81cd758b74b2f84e227a62587bc28fdcadf7b8
1192,USDT/TRDC,0x76b361bf0c1264d99e253be5eea06a6419ce8bb7
1193,ETH/YT,0x56f2bf34c002f67aa96af23343b7f44f77b2d110
1194,WBNB/WDBANK,0x0ca16c0119c09fc6f87213383ce85035553a7c45
1195,SWAK/USDT,0xb3977840611bfa6bfbf0f825045402a286d61243
1196,MTK/WBNB,0x8a4be6917207c06e53676ea813eebe8e0dbe2cec
1197,NDN/WBNB,0x51276236d829dae88662ea69e83d3f2752e72b6d
1198,ALT/WBNB,0x9f6dec5bf2d524665c248d7592d31887070c4efa
1199,SUSHI/MATIC,0xa4438dee795f1a0100c943d021dcff063983562b
1200,WBNB/DOGEMAM,0xaf9d09b2dd57d3ea80e3376c68b4c7560cd49377
1201,Numancia/WBNB,0x84d6e6721370c315bf42fd1d4c7cf8937b9cb303
1202,WBNB/PORNROCKET,0x15c7c36e56721c4029118a76111798b2c834533e
1203,WBNB/DSW,0x24ada2498992069516ba6b82cf63dcc7ed0751c6
1204,PRFP/BUSD,0x68f965c3d9a4638938169046e07e3ac5e8720e20
1205,CAMEL/WBNB,0x770e86f6bc541002afd42ffe5caeecf62061b721
1206,DAPF/WBNB,0x5f404016a45cd4a75910ac435b4c4615d6377f8b
1207,ANVIL/WBNB,0x0ec683aa099c4f23992723e2d2ff951f4d8eea15
1208,SPACE BUD/WBNB,0xd58596628b645ca49684d1f944fcc7604f0f6de0
1209,WBNB/IGLU,0x88a040ad16f9721c4c739a536fee6e1a5dcf4c79
1210,YFI/WBNB,0x2896a9a8a164b4aac0b63cf6b164381c16ec59fe
1211,USDT/BTCB,0x9547675bd7127987e3b3e375f44684d8220ef255
1212,WBNB/jnt,0xbcb0ce3e31eb9528e872b3bb0abd4d20ad68dc8b
1213,P2P/BUSD,0xc3de3fd8a1df2104acfff476cbf0b4f2edfc5096
1214,MYST/WBNB,0x4a99fbdabf735758907a984fee2b4f562e0ff460
1215,WBNB/EGC,0x06e3b4ccaca41d5227b93fcbece4bb7fe8a9a4aa
1216,WBNB/TNT,0xbf803c24fdca96aa808d4326d998be0ead254f6e
1217,SFMF/WBNB,0x12e047e8f05604298a5680f2ed698f1cf10a8d5c
1218,ELVIS/WBNB,0x72bf745ac9207c36e92a9ca7db7deb39a0ead9bd
1219,BRICK/WBNB,0x64aa6a48651d69882a74a97651fa518708c56522
1220,TSE/WBNB,0x70100cc96f27af72a243ee0de910ea06ceb924be
1221,LTC/USDC,0xd4c2d19285b51165a7817d01af44d0153d319b32
1222,USDC/RANKER,0x1db1519de052adadaf46ad48fdfdd8dd18dd06fb
1223,FNC/USDC,0x1c960d224bb2b219c9937c44df345378ceb3b4ad
1224,USDC/BPRCY,0x47e4c3841adba3cadb67e02b9242e0c4b56ea0b4
1225,USDC/Lsp 20,0x36c1aada5cce85abd977d625ae24df64ef217817
1226,BAT/USDC,0x94c31dd2f6b6b3cd501fbc6be20526dedff85d22
1227,DFT/USDC,0xbd4994be4431f85052383c709b08c5bb31ba1452
1228,WOO/USDC,0xfbc6e72b108ae4a1628849e42a8de77821fa661b
1229,USDT/AKYO,0x776e194e0384435939e482e093b0b89ce7330697
1230,BTKN/USDC,0xa809e0dc4e5bbd905fb3ab4d31abd298c9341d27
1231,SHARIA/USDC,0xbbb809a98807a2402a1eae22c08f894d024798ac
1232,USDC/BRAIN,0x36f141545bb63b078c3fd8fd5125a4f17ee86655
1233,HILLTOP/USDC,0x30384c9f71071dc50fefdb5153d476f290a15c2e
1234,USDC/COC,0xaebfb85bfd0db7fac8822f34bf001458beca55ac
1235,MASK/USDC,0x3574fd1419555aa329b9334725422ff52c443449
1236,DEX/USDC,0x83167e88f0d771b27d847b6a437860a949317687
1237,USDC/MVA,0xb8eed891544fe77a083a67bd7d8b51b05c15c89f
1238,WBNB/sTrust,0x011a19958ca90aa8caad66f325478fbc0cadeb2b
1239,fUSDT/FUCK,0x0143f4a1fad1d10decc9de8b11b28a41b0aa9b61
1240,FTM/MIM,0x01ab1e6a952c870d736fbf6570a96c0e63e14013
1241,LTC/KTE,0x02e733f10bb649817e421ec055cd4793f63af9ba
1242,THB/WBNB,0x034a76df17b8e6c8824105d0b13bad5c2d4c475b
1243,TET/CZR,0x047c4affbbd55524342447f84dfc63568ae84778
1244,BTCB/DAPF,0x04949031e9a6f108efb5c7db60eab467ac018b96
1245,QAA/QAAA,0x0623853163511d02791bc0c0c4d90df92e209d01
1246,PNIXS/WBNB,0x07a0e35c83d889eee4000bf2cd95d210ba8a3c5b
1247,KOMI/wOMI,0x08be4ea991925824a18ee4c009c060cf1ff15d48
1248,Dogefather/FEG,0x090ca51ddc64181acbe5f9eebf7081908005e6c4
1249,frnd/BCH,0x0922a07415e428f11989beee7a2039f1e93b14a5
1250,IRMO/WBNB,0x0a0c05b81052c795485fa0aebb2048fe3ba39139
1251,BTCB/KRP,0x0aff3bbe4fbf522bd92db96a63274eb4f0c1f32b
1252,INJ/WBNB,0x0b8c1718b680f36b4f56a63cbba1faed6bfba78b
1253,ETHFIN/DogeDash,0x0bf430ec529dcf1ae747961d018b1b320eb4e6f1
1254,RP/WBNB,0x0c44d4eb1dea403c3041b3fe0927ff9eca28acee
1255,SPACE/WBNB,0x0d2843f9ab665e31332ee09bd86175cad373c325
1256,SAFEMOON/‚ÇøJOB,0x0fe817e47447209a1b6870a747794d731cfd0cd6
1257,USDM/MTC,0x10424a013bce66b535d601750dc45f307043a9f7
1258,MiniDoge/WBNB,0x1058b34ae688482860ed51be05cfe0fceea3390d
1259,WBNB/ST-3,0x10c35e11ea502b56d59317899450bdf66da2ab0f
1260,FM/DEXT,0x11043b0ad7ef64237ddfbf0f622e203e96b54039
1261,BTCB/TRTO,0x1133a9d3ea6f92d106d37845a8526c0e77959e62
1262,TFIN/RTEN,0x12a21c39e83212c62a683fd13ab50366bb1b0724
1263,BTCB/Bio,0x12dbec371fecbc89fad6c7214f83f48af13a88ad
1264,TURBO/WBNB,0x13073a0fde9ac336f7d7979774b11ca460d2e38b
1265,USDC/MYMC,0x136ea375aacba9b9e624050725b3dc2532de2dd4
1266,WBTC/ALCX,0x139acaa4510baabe297e3dfa9e172772042e1c0a
1267,SZKN2/SZKN,0x13cee34ec95bf50ef23b41e4a40818d84ce6dc7e
1268,Luxury/WBNB,0x140218fd7f75a3f69ffb4eabab032ddcdd40e171
1269,KTE/XA9,0x14ca24c994bebd6723bc7648bf1ac8d1b1ed99de
1270,BRBC/FM,0x1640bc4ca5e5e8bc0f8f587d0361cea71a910474
1271,DAI/AD2,0x16c9cf4f66d558a7e32ca75f8cecaadc4a13f233
1272,SPAT/KTA,0x1850b616703726b1a46a77d975d43e383f2a0f01
1273,zSEED/WBNB,0x186c0ec17055e91ccf543c3bb8dbc9324354a570
1274,SOUL/GTTR,0x18e2f2d0ccfa90787bc38d945936a2f6e64be2f2
1275,ADA/ADAFlect,0x196f6e3ed1792616865ea68512b2726a8abe008c
1276,PDX/HOMI,0x1b6f398e488f8507ec3e9a85ed2c3735e9960207
1277,MATIC/SIM,0x1c8b16296813193aa3525e85a80ab795a3d34684
1278,what/WBNB,0x1e7e428070f37369a8ef643796d60a6ff98870cc
1279,Join/WBNB,0x1f14fe55c7bb5b2ef4b44e40fd9645a605804abe
1280,BRAIN/ONLYONE,0x1f82b5bd9aabbd8c4671d744ae53836bf54ef6c5
1281,BUSD/BAO,0x1fe201fc8d69885faee92d58644b215fd9476b43
1282,DAI/TRTO,0x1fec73ce4808397f34add25530f29296b672e91a
1283,SharPei/WBNB,0x20fc2c7ac0e435e244a39fa87c87f59aa1c43467
1284,XMN/BWT(üë∂‚¨úÔ∏èüêØ),0x2114bb9ff5c750c072ba55183fb8d99d437d071f
1285,DOT/SLP,0x219580d80f8037b55723fe241d8424005241c2c4
1286,LuckyTiger/WBNB,0x2220f249f8a9ab6239c2068ff9a28d4293db1c71
1287,XTZ/GTTR,0x22de5be2aa898932f1d7f149912f151909c3bce2
1288,ACNE/NFT,0x23586602608eb19d81bfca24b7ad7846708858a6
1289,ADA/LINK,0x24b47bbcd3e80e2e5bd2913aed9b271a86c35c57
1290,ACNE/PETS,0x2535a3a5f505a2b728a30ce3f40250af616a4244
1291,HEN/WBNB,0x25942655e2cb283a231755b8ee3d753173fa3ac9
1292,ShrimpFall/WBNB,0x25cc55fb52b588db91cf3d6368f6777f0f682266
1293,INJ/UNI,0x25f1bc090b91c20db468539466ca7ed02c557649
1294,ADA/DOT,0x25f8f71315ba97e1b3da55250d09b790ac34f1a9
1295,fUSDT/FUCK,0x266dd19adda5c5f8361e553350637611debe7c80
1296,SATT/unknown,0x274e7fe1287b43540ba543817a03be976dacffe0
1297,DMD/ETH2.0,0x2893d82d3b08b1ea7c1e881b7459b3badc80202f
1298,ADA/BAND,0x28b62c1e8dacef32af1142f7c97a5c768f10d101
1299,ALPHA/TRTO,0x298911c094bfa8d7a46268e0aa4a7616984f3c81
1300,Test2/WBNB,0x29b014364ebc819c6d5b8b2ca7e17fad9bf4f855
1301,CORD/VACC,0x2a0e84b4c8f1b6343f72fc27586a3e144fbe0c18
1302,ADA/MADA,0x2aab3cb702ac6be11b7e65749b866f7585b5361b
1303,VT/WBNB,0x2b092bb12d8e37e41eda2587baa77373ed9108fe
1304,Cake/TETRA,0x2bb9fbc293d45e1bcb3304391a961eb7c64f04ee
1305,BAT/ADA,0x2c55607bd02041ecc3a521c8e6fc2437ef0cfbd6
1306,ADA/TRTO,0x2c7ffb9fe8086653fd403e1a7a01d3256fee2eea
1307,STEP/BabyShibaInu,0x2cffe3362ce4eedb13503c4e3d2293d635508e03
1308,QueenDoge/WBNB,0x2e51fb240697f151108558e7e59a1214baaa18d0
1309,SZKN2/SZKN3,0x2e98ae35e8cc763ea420b4d23d23ee4f63a00639
1310,tenTEST/TT,0x302847b645165b04389d1a6adca7e0cf69c7c882
1311,$PACEFOOD/WBNB,0x31dad6737063f042675d5625db2bc67860e5e360
1312,JJ/USDT,0x325ed6ae3043500d01dcc5989023e8eb1f70c491
1313,BANANA/KTE,0x33242bd3ee70519561b3593da2eb077675d4e948
1314,tenTEST/TT2,0x33ac895fcd4ef2f0f745da10dd51847d038d52c0
1315,LuckyTiger/WBNB,0x340e2291136e82becd03385ef8c4abfdfc0de82e
1316,CORX/GShib,0x350262a16d7aee2942c10a8cb0d6fc7c6c8832c6
1317,WBNB/DLF,0x357ae9ae6b1ff41e84c05906dce0a4e523da864a
1318,WBNB/RBUX,0x35bd9afbc01bcd26008f61447f56999acb43a80d
1319,WBNB/AOT,0x35c82867158b81fe5a9a1ac76e4fbe15e50ebba8
1320,EQUA/WBNB,0x35e1ec067f41de6abd5554e14a8ffbeb28d25c86
1321,PEACE/WBNB,0x35e941f60e6927e152d34596f5168196cd62d72c
1322,XA9/GTTR,0x35ffd2e29cf704a090dd651106410db4cd07cf76
1323,BUSD/RBX,0x36a77ef3f681e1cb305c43046aa862af66da5f93
1324,BX/WBNB,0x374ed7390bb318dfb1468714ef63e5417690d219
1325,DOT/BTCB,0x37a64d7bb95e553b4bb605fdb32ee51bed76b689
1326,ELONINDEX/ELONINDEX,0x37cf59bfee7d69dfa0e453c9965cb3a16f179448
1327,NOMI/PDX,0x380b5c1d3f03c5ad2a66000625084d53c589f9a2
1328,Poor/WBNB,0x385ebdeb8f48383ca7a81f590f6db812fa407bf0
1329,Cake/GHT,0x388aee096e4c3a5600e31dbdd1b7aadf4425bd18
1330,WET$/Cake,0x3931dabd1cbc980dc513fd040309cd169b661d09
1331,ADA/ALPHA,0x395fd232ce4c76e4af9f92560e0403087e4e6db4
1332,ULC/ILVA,0x3b0035442a4db9a64628c8533bc2c139ff2740ed
1333,KTA/IOTX,0x3d9a154268dd1d201fc5e103eaa160b269b6b6fe
1334,CTT/ADA,0x3da92aaca517081fd00837f7336d867d5a5a4924
1335,KTA/BAND,0x3dd1fdb2d9fd7070872bd6ecfd363ddc8dc6a164
1336,xVUSD/xVON,0x3f9659ed0a9628d29a26599c94163287d32256e2
1337,WBNB/SMA,0x42ca71ddafd9868e911eb4389bb4b75fee5ef73a
1338,SHRIMP/BUSD,0x432d25d0674c7b80d26703f6531cc56ac39ec32a
1339,BIDOS/WBNB,0x437d2397fe3aa757000bd6109aa076c24d7e3dde
1340,SAFER/WBNB,0x448fcafa851f335e498a31ee07a2be376e02cae9
1341,CDTK/BAKE,0x44ee3591d1c8ecb0ebe0c4903d40d8b288b6cf0d
1342,Cake/BER,0x45046c4cd9e4d94c151be5f9f9c81befda080002
1343,BX/WBNB,0x4587431f89e1c3f73c3c7fdf196bda0b064d7554
1344,Cake/MIM,0x4673c48ec92bec06d144fae62d2d5c6d1a4bd516
1345,GOLD/Angy,0x47505387a214a055fa8de1d4dace94f6934c8acc
1346,LLT/WBNB,0x477b6ccdeb8eb771f5345ed0bba0746a66671819
1347,KTA/POOCOIN,0x48b7d031b33a7be0c5cc7eb7fb9f5bacdcca3447
1348,WBNB/PSTONK,0x48d81340c8ab67f841d405559b829ce55467292a
1349,MLGB/WBNB,0x4926a86a845672691a0728c0206247b9501b4d71
1350,DAI/Lsp 20,0x4960146d345d99ac768555c90ab5327de38a7f58
1351,FGD/SCK,0x49f4093fae13ef85a2d2c19de10db11b5bc15cfd
1352,POP/BUSD,0x4b26cfd36aa0418f32b6d93ed33a377aa61415ca
1353,GDT/WBNB,0x4bad32f1ebb2f5e3e9aa0624fd03834630fe2d4f
1354,NEAR/KTA,0x4c4f156341222e7ee9d1851973615b109a71df66
1355,MIR/KTE,0x4e485e06295a8da5b330d995e727a8ff0c4dfb1e
1356,APEDOGE/ANFI,0x4e6659880f289d64f9788f573e7ac4732b0a7e1d
1357,$SOL/WBNB,0x4eeeb9a10cc879a2f57b62cc1bcbabeffb412e2d
1358,USDT/ACC,0x4ef16530dfd49c7d284738a9cf59bbc356851998
1359,BTCB/401k,0x4f37c28b162d17ae50ca4ed2dc1bf2b2052539a5
1360,UNI/GTTR,0x4ffd4e9fd2fd8d162e10f3f45a2d58cde0492eb4
1361,TNN/WBNB,0x511caa4f2c084417b3e8853ed025a4692b65be3b
1362,WBNB/JOIN,0x5192c17ecd76bda77e29c9311148e4b5289a50e9
1363,SAFEMOOND‚òÄ/SAFEMOON,0x52896be3c5920d2213992387a0e13f35b42f7a48
1364,NEO/LBR,0x537728afcb59d211dcc46b6ef19d0c3d3f5076d6
1365,HIGH/RAD,0x54935cdc0b54486397dc786de816bdd7f3297d7b
1366,ILVA/USDC,0x54cb87ea2b87605b96ee7031f925cb93d55c4475
1367,SHIB/RAD,0x5613e67caea3e03e88ce167e5c7843025d3b88ff
1368,Cake/POP,0x5657fcc782a2c8450e6d9e9901f2c1fbb036b9bd
1369,TXC/WBNB,0x56697a5e7636fc3d700ae367ac68535fabaa0c7e
1370,renZEC/renBTC,0x5729e3e9ec01cfb44fdcdd5e61ab527281ba3293
1371,$CARE/WBNB,0x5848018fb3b099991ef43c0a78bed8f77c2cca6a
1372,what/WBNB,0x58765f17be0dee785c7f0e7e5e4df58d642b7335
1373,USDT/ZEDXION,0x59bab34a6f77a7d0c9cf1284edbe2c33a6b57eef
1374,POP/WBNB,0x59fe10a38740f845129eacd217f09d7770c24202
1375,M8/WBNB,0x5d71e11af55df48f0f1c5cd04d91819e4737e35c
1376,DREGER/Mett,0x5da1b89745de0266d98a01a614970021873ab9b3
1377,WBNB/DMoon,0x5df96bc856d919083c11a23499246993594f2498
1378,USDT/sam,0x5e123e931f08f96860d89ad2bbedce366002cc9e
1379,VOIN/WBNB,0x5e2319349cf3853b5bb987cd996d878a02dcf51c
1380,QRC/WBNB,0x5eeb626cc87b2e5e0dc2c97f64a2171adc210221
1381,KTE/MANA,0x5f539a572d390a33a1f1e90db4def8aa6809285d
1382,Cake/SHIB,0x5ff8bb005ca968fc19cc32147252b3e7c569950f
1383,wOMI/HOMI,0x613ebde5dc4411341545fa9456be9fc349de087d
1384,ADA/BTCB,0x617ae0f70687d7ef2f49e8621e7447f5cc68c972
1385,VIBEN/WBNB,0x621b43a3c95167a796fa9b35eec7e498595481ea
1386,USDa/TRUSD,0x6372a11e16ef3003b72265588435abbc4009010d
1387,AOG/RAD,0x63ceba1537b443b5bd0119a08f592910264d204f
1388,MiniDoge/WBNB,0x661275588acf5db69a692df928428e566732e1cc
1389,TEST/WBNB,0x66593326d1d62069fb34faaebef4e1c145c18453
1390,Cake/TORD,0x675d18ac69b49b3e913af5b954cc23a42e966bf2
1391,RAD/ANKR,0x67659d01016265b4734677ebfb770d4e93758910
1392,AURUM/MIST,0x69a9459c1af897c301fa79f83e08e682e2fb80c7
1393,WBNB/CP,0x6a5ff0651c777c7479045b1ff57e5eb35e6772cb
1394,CUK/WBNB,0x6cae3e5cbdafa80ed5dff123f49c5a0f032c5939
1395,Join/WBNB,0x6cd14621bdf7268a2e7f9db195bf8f2adb736051
1396,BAB/WBNB,0x6cfd739c93e4702b7c0c4ba1461c80b30fec1b17
1397,MLGB/WBNB,0x6d1be8dceb0a261fb6646cb4f76ef9cbdfb39fa1
1398,IRON/STEEL,0x6df6721e7fb4e3118cce22203f78a5ff113aac91
1399,Join/WBNB,0x6e347dbd606fcc447d088135c98d6d0c7bd9c24e
1400,GTTR/AAVE,0x6ed5583afb934afd8704e48a4e5b7cf2ef2f26b4
1401,MC/WBNB,0x6f9d9cf2320d0877f76631f67938f967369bd4db
1402,DAI/SALAM,0x7067e128aac5f53a2d1603970035373877be92d0
1403,WW2/WBNB,0x72051fdf72c33574929569308fb6993216a90838
1404,BTCBR/WBTCBR,0x736f5a65d1e0be6e65f4c4af3486ad8443e4d63b
1405,IMOON/WBNB,0x76048842f17981c77e8de738dbe8c30490153849
1406,SXP/ANKR,0x77483644a7721f7486a8db7fa0b92266b4e24757
1407,BTCCB/BTCB,0x7785e60a411ea3cbbd65411fe8360108c431e1f1
1408,KTE/BP,0x7792c5b177f9cb9188da615c76e188c3be29d6f0
1409,BTCCB/DAI,0x790c293b28ee5022fbde0fb8fe9922a4fbce5f34
1410,EarnX/BURGER,0x790f153b0b3cc7a21bbb6a9559b563f101224b92
1411,GALAXY/WBNB,0x79774b0c28e2bb4ed65cba95ce66e21159b3c781
1412,ORK/TAU,0x798b4bacd6312953c03ee311c08620b0944849f9
1413,kmWBNB/USDT-LINK/kmBUSD/WBNB-LINK,0x7a65c62626f64bd2b4c057ff9afe04145015b06f
1414,BTT/TRiO,0x7b2b4f2d86b6169f2cf011ab488b1ef2e1f7c9d1
1415,WBNB/MONEY,0x7b37368a764938c668a018ac6137e2661c0285bc
1416,USDC/XA9,0x7b47601ee9144a29d30a35e56a03dc87ba3bfb3f
1417,xMARK/USDC,0x7bef28338fe830978b419f85c08e0b2d8857f029
1418,Cake/SHARIA,0x7c9bcacfc0520952da72e2736bc821c86ae572e6
1419,BCH/Lsp 20,0x7d01dba9d05668cb9078c29e97191c03fc3154ae
1420,Cake/ADA,0x7d6c6eb10609ea66896ab9a3bd4aed53e794d827
1421,ADAO/AXS,0x7ee577dc037ba29969b76ac072af3afb2659dc58
1422,BNBD/BRAIN,0x7f74c3a4ba6f54db39294de0855f7389877b51c3
1423,PONZI/WBNB,0x81ab3b5cf5cace1dad2a0302dc6276bee668040f
1424,RAD/XA9,0x825b4bf431991d12716ab226415dbbaffbdd4f73
1425,Cake/AIOZ,0x830b87b57b040c60e7d2a1b545a92dca26428352
1426,TESTI/BDC,0x84ee6dfed9a42035082f985b7c2d163dbb458817
1427,UST/UST,0x852421d0297ea820467abcc5fae48ccab2301d10
1428,FOREST/WBNB,0x859b0460b0a9a8e8ce57f04b38f972f7ae2fca48
1429,MOKU/WBNB,0x85ac222a5798dbb23e5018479f154fd5bb60e866
1430,FTM/GTTR,0x871a4761d41ebe5b568e5ce37d61df59f4e4fc69
1431,WRC/TME,0x87e104b66d6b5ff543f3f4add60e72b6dbc49d8b
1432,TRTO/MIM,0x88012cf0d1708f87e429796df6475dc106076129
1433,UNI/LINK,0x888ccf59091e227b611365ca66ded1742cd89d82
1434,SLP/üí•üêí,0x895015b9c85d7fca7bba5578c6615909238b0d02
1435,AiC/RSMG,0x895c79d5d4e921db0eab990b754f094ac11246c7
1436,WBNB/HGET,0x897a4a810d6546e434f3debcdecb7e951a1cc9d0
1437,KTE/SEFI,0x89bc318d95a68d3ad55da01f8ecae024f22f540e
1438,Cake/ALPHA,0x89c237bb72bde0392c653a7bcb751b249f26a0ee
1439,VIAGRA/WBNB,0x8ad225b782e55b76b0d6f076f6da0c11d66965ab
1440,ACNE/CTK,0x8b5d973eb64d6820d33ed7e839e966547b68592b
1441,PQRD/WBNB,0x8c9a5a13a4e3a2ecff9d46b3213b8c35332b1fec
1442,ADA/FLEPA,0x8d3fd5f6818777a1e8d7820677ab92c94f637719
1443,BMON/BMON-Z1,0x8e8052aa95d67dcfe98b82b771a0316bac787f11
1444,MNDAO/SAFEBTC,0x903e63e35991d0fcd1790098204f748c917d5cbd
1445,OilDoge/WBNB,0x91bbc0dee5fa93f57b93f582e607b9ccf41c90ef
1446,PQRD/ETH,0x92cb6e4ac5b32768ffd84800693cea6a652c2bd7
1447,EOS/DOT,0x930c002a857aab360664f250cfacea2ecd5785b7
1448,test/WBNB,0x934cc209def221b7c9c3b063fd05a82cbe31c56f
1449,STR/QAA,0x94336dae271e08feff9bade7df246691605ef8a3
1450,CZR/XLT,0x94388d62c64e1cd90cf1235d4ca0d62a6325e6af
1451,DLP/Angy,0x96739766d0b892db5f5f87bf7dd656bc3db53d02
1452,hTPT/Helmet,0x9714e1fbe0d7f8be3dbc628f4abe600cbe68cced
1453,KUN/BUSD,0x97599947bd3d2a9b479e0e58bc8ac29b25288106
1454,DNC/YFI,0x985b39dcb5a4a3221d0eb1e9cb9d713bdda32092
1455,Bejs3/WBNB,0x9885276458d00d84979e5dcca567e1e09584ceac
1456,DEX/AD2,0x98d7ccd0a5dc2469fdb9039bf5e9a510b1122c15
1457,WBNB/ST-2,0x99a4e09a0ac93e8ef7e058a622c04f80ba15067c
1458,SPACE/WBNB,0x9a7cbdd3bb3e4876516f6ae5778e86c5d8afbb59
1459,ATLAS/KTE,0x9b6911ac8233620a9ea7f2622b2c4768036d1df4
1460,XRP/401k,0x9c8c8f1c923b8953b865b1d91654a396da392317
1461,Wednesday Multi/BUSD,0x9d43b8d83fbbeb59b309a47ab5e531cd7edad4db
1462,Cake/MCL,0x9dbe47df6ef7f5448e60a4ba8269735784b17941
1463,Cake/MOCOIN,0x9f1cf17072a6f723e8d279bee83d114665545d4a
1464,SCKO/XA9,0x9f841225aecfe75b3c549be7f231c5d4b6c8ccd7
1465,STKHB/WBNB,0x9fa34316875a77603e70ed16a07fde655c628b40
1466,DAI/VUSD,0xa02e9a7f34769c2ed46c7f682b293c8698a332ba
1467,DAI/DIVM,0xa074d753c47eab68c4b94467f655ca3468ea5817
1468,ODOL/PANDA,0xa07fa49b138f09707ef71ad71d52362c6d22fa3c
1469,SAFEMOON/Shiboki,0xa230286f36d26310fe7a49ba857faa504fb108ef
1470,PANTHER/BUSD,0xa36c84e2f1205065c2e62bf0894b6c5359455b4d
1471,KTE/FEAR,0xa39e96e3ebcacf8257bc907385b068ee8d21e0c3
1472,LRCT/LCR,0xa3e789c6afbbffd913c1106ba5b3f62b7068d125
1473,WBNB/KINGSMAN,0xa3e895194e97ecb38e83f04b93b794729f333272
1474,DNC/XA9,0xa46c874bc9a84ad1cb296b28296683deccb197b0
1475,WBNB/DOGSHIT,0xa4744117180007513ac4c930a7a8b1762d42fa40
1476,BTCB/MISO,0xa552e9f9de1b237eb7499499ff21bdbb6f36c25e
1477,COOL/PACE,0xa6d9da84e9747232c80e80b71282ff5679e5b8db
1478,FNX/WBNB,0xa7bd7415f374e39418322fdb32d55a8f854b80ce
1479,WBNB/MuskOX,0xa90f5bac3867334140bdd8c483dad9d9e3eebd81
1480,BabyMUSK/APEDOGE,0xa9ad9782eae9f3fc4889beb9c16f1d080015814a
1481,DOT/UNI,0xac24a8e580b2adf1efe288b7696811c733e4e028
1482,Cake/401k,0xac9a5e6437a09933ab8fc6976a10e6dfce3dfe57
1483,DAI/BAT,0xace1c903a2eb0221b3cb955fcb745c2434c6637f
1484,BTCB/MASH,0xad501b578f9753197841a205b472d2d8557c41a8
1485,TCT/BabyDoge,0xae7decc13290e5513deb5ab5f83f563661b055a6
1486,SafeBankToken/WBNB,0xaebac562ee092bc12f2cfea75f5635df5e59bfa8
1487,WBNB/MLGB,0xaed93b75e35bac9e1077fc051334283853398706
1488,test/WBNB,0xafe9d191686e7fc4635fd4faa7e498a2a9500ea9
1489,Tokin/WBNB,0xb089175fa3eb999f732cbedb3f911aaf25bdfa1a
1490,wtb/WBNB,0xb1ea327747fc6bdd6f8ab48a94f218f3cb677e3b
1491,NOMI/wOMI,0xb272c1a36efeb4c022b4eee25a4d09cfb5dae89f
1492,FRONT/SLP,0xb29b9387ade82974a1b1f9a193ffbd935a117857
1493,STNK/WBNB,0xb2a35cdea020cacb4a30e9f54430b3e80d18e385
1494,WBNB/SAFEMOON42,0xb2e46e08158ace79a48052df5855fa9412ffb282
1495,ZMRC/WBNB,0xb30f692a23f4c3b60e10929b66146f646ad53bbf
1496,KTA/XA9,0xb3e9d9e7eee8508ffb863213f1c39ddfce9457c5
1497,SFM/SAFEMOON,0xb425fdfe58cda461f7d30703d86f1ce45ea3cab7
1498,DAI/CTT,0xb4303ba7523a68bd25f5a41d92960f66901cf2c2
1499,CP/WBNB,0xb54b3caf5cb55976a311c80626c65b1b2fb94896
1500,XRP/SMRAT,0xb5de0a4eeeb70530fb848ca25472d74b015dd029
1501,GTF/wBAN,0xb65c4b4fd7393af388ca71d85efc1e036b50f011
1502,KCAKE/MBF,0xb6d62f730929bdf21b538a15ba371cd67876b439
1503,EURC/TRIET,0xb7528646b4d1def21ef25d9ca9dd825b050b0b7a
1504,Sha/WBNB,0xb835a1de40d8b6b1889b769f66c9868c593dd4da
1505,1INCH/UNI,0xb8a330d95c53df443d9bf2aa744f0b2693e2c0ba
1506,ALICE/RAD,0xb92f8449f08b3498286197aac92f8d83a6609d89
1507,UST/WBGL,0xb953e62aba6237cd68582fc0486116c39bc4cf21
1508,DEGO/WBNB,0xb9697589bc2e800224d883a7fc6657433f8a4d40
1509,WBNB/MOONPIRATE,0xb9c8e4731f961f3a10ddf089830b6d13103659b8
1510,eQOM/QAA,0xba45d157784dfc89d050dc471adf79da098e1654
1511,ATOM/ADA,0xba591bf624b363b49476c0d1d2dbb5a566512a6f
1512,URLE/WBNB,0xbaf40e7e4b1f95aafebe6971cba96f84d9a5aba5
1513,WBNB/Default,0xbb6667f82adddce086aaf59429db183aba93128f
1514,WBNB/DERI,0xbbf54d852ac2fb59eff0166b478c5cfe608dd11d
1515,ORION/RAD,0xbc0d991f2d8f7249d0f6774b9694605d990093d5
1516,WBNB/NFTMOON,0xbc4c6994f2b2220f06112a6c6431eec3dfe38ce3
1517,NBL/WBNB,0xbc7771e5c0a05a2a01c895b7aafab46100dbce43
1518,USDT/CCM,0xbc836d05a741791c30ffabebbd9affb6d05171a0
1519,FRIDGE/WBNB,0xbd52b4a556e3f28092db10b8ffcc713597ab44c0
1520,CTA/WBNB,0xbd9b31420148566ee00c4254258ad3047130761f
1521,GLC/BTT,0xbde0902d21a3236ddbc0e5f8b7c6688d21efddd5
1522,BTCB/ALPHA,0xbde5fb3136ddcb66f6bd9ab607344aa3fdd452ff
1523,Lucker/WBNB,0xbe415800295b5ecc41946e6d1078c1f13f8125a8
1524,CERBY/BUSD,0xbf3e1f80636124807df48a059c4ace3496c8c427
1525,AOT/WBNB,0xc00cabde482bd3521ae20dc05a9a542fe73eccd0
1526,ONE/HPAD,0xc060a6eb1ee91f2267ea0f50858b6df2814b2621
1527,WBNB/GREN,0xc170b44d4ad36216b36d725c87083d99dccc5e8b
1528,BTCB/BFI,0xc17c0a15fbccc004eb5d6bf7695c0b3a476c4530
1529,TFIN/BTCB,0xc34564dc4f2a2c9e2378b5751930e921c680b0d2
1530,WBNB/ASSA,0xc3d21aeffc4e26dc57a254b094b5afa2688ea3cf
1531,ATOM/BTCB,0xc4ccb60dc6314e1d53f7bf7ad637316bc5a09b8a
1532,STE /SB,0xc4f8a1ad5357b690d3c850cd9c5fba859a44154f
1533,ADA/ANKR,0xc57add512fb1bf26c876a4eccffec08525237e17
1534,DAI/SLP,0xc6821dcb08973c3f4a35e01f0cbdc751aa1f8eb4
1535,SFUND/SPIN,0xc70aa100e7fb23745c78df6f4495f4e5bf20260d
1536,Cake/Slsh,0xc71995d1de747282bd1bd6c415e8d84d81ecbcc7
1537,doughy/WBNB,0xc7cfa97868af94ff64915506c2a281cdd7ef52eb
1538,Gold/WBNB,0xc8c2be42a0c0861b80d7dee8d78b485d44fcf42c
1539,UST/SUSHI,0xc92e872c7b2473f22c7951c692ca68ea29b6abf1
1540,N1/KTA,0xc9610a71494d1c29473d53e454f82644b5e92ffd
1541,Cake/BAKE,0xc9793f51dce9b4a8e921dd83af2a785e9a604d20
1542,GREENFUND/GRF,0xc9817165c8384003567776f5ae0bede50c0838f4
1543,ONI/WBNB,0xcabb1c6a1f13ab959f6b85323466c264b8f60467
1544,HOWL/WBNB,0xcbf2c7f0c8ba99b298255a6a67ee585e22a0c6b2
1545,WBNB/PTG,0xcc5fd13c930b44342e0ff6f40076ea3c93bd2287
1546,WBNB/MAKI,0xcc7e3cadf293627499e983b292d2a60a68390ab1
1547,WBNB/LuckyTiger,0xce790798513ff1784f8d2ff2ff8242310f2fcbfe
1548,Cake/$AM,0xcf582b2c324b01a0f618349fb390c41bcd31dee4
1549,HVI/BUSD,0xcf78a262ab0719828aa15f4b06744739b698c4fb
1550,lFOX/WBNB,0xcfb13fc7c170fe26302cdcc704d7efcb61d9d49f
1551,DITTO/USDT,0xd005187bf17e7805045212d6d442bfa73a7702f6
1552,SLP/üí•üêí,0xd00a7725752acc1370e7889971b0b8235a73d9d3
1553,BTCB/RTEN,0xd11e457b5dc294b4523c5d5cd43ae98936bef369
1554,TET/XLT,0xd216c4b26c393f27ba6b6abd6cc40e2ba46678b1
1555,DITTO/TWT,0xd2b3b2821020b07b7d9da3f21b5e19c669897437
1556,sSPELL/SPELL,0xd33511a4babe3a810faaf3dd3c777917ee089d81
1557,UMB/WBNB,0xd37f36b6d125f7ba574303a4fc594fb3728a221b
1558,Loan/WBNB,0xd39bccea4b0f7082138b15d07b70d3e750697576
1559,CelebCOIN/WBNB,0xd3ac5d826edefe078b501b17ad81a3e36fee568a
1560,CR7/GOAT,0xd5409ab90e055908b02122df3e30b972d237d174
1561,ACNE/REVO,0xd5a2c8938f52122343256cbf312b7bbc1b843e3f
1562,SURF/DAI,0xd77f9a48b484cadbc4496e017bf451b872dd25cd
1563,XRP/SHMS,0xd9b831d49af996da0948da07bc5ad86d6a8f56b5
1564,50S/50F,0xda387db8a68b4dd729bd79220c86d46772bccef2
1565,CP/WBNB,0xdab65096d9fc5a020901c499766dd2cfdafa0a09
1566,SUPER/GTTR,0xdb0f5099c37ba836f01b3f88e3d25a44b51d17b3
1567,PNT/WBNB,0xdff4bee4f5058b1265f21a25e90166cb9e8a0693
1568,bitcoin/FMI,0xe0410e8730349c5a2e127f80e9a88a54709bae4a
1569,WBNB/FLUNAR,0xe1c8cce58a3f93b2bb7a5ed0f1a4108a5a80ca6d
1570,iBX/BUSD,0xe244fd60cddf4ed0448d63e9c155e11510e097cb
1571,Cake/BAT,0xe29a126e9944206f2ad5578345c07781c02efc5c
1572,BTCB/YT,0xe3032df3f34495dc1fe690c0970bff1203939804
1573,C1/C2,0xe3163ea454801bd9e8efc98b4ab59cdc961146a1
1574,Cake/MASH,0xe530ee7764ac5c3041ac961d8b8f9a9de0a7d0da
1575,xVUSD/VUSD,0xe568eece92258b1b899da79068652edfd726cf5d
1576,SAFETESLA/WBNB,0xe59c262e03114f692d1bd2bcc91205ef3d329134
1577,WBNB/üç£SASHIMI,0xe5d5270197a358a0fee8759f4f9187ee5fa768df
1578,HOTCROSS/HOTDOG,0xe6aac3dc6a6055d5c70de428eda880b44d0915a4
1579,DAI/PILA,0xe6d123276684426be0af2f0915ad2ecf1d369022
1580,ZURI/WBNB,0xe76be0f48fb168cc6cad80178d8b5427756af205
1581,LuckyTiger/WBNB,0xe7f494a7a0a465b7331d15622888ed46557ef199
1582,SAFEMOON/ZMRC,0xe882713dcdae9836cc3e5990c112254bd9fa2054
1583,GOFI/WBNB,0xe8d210507905e5d60ebdb8af4e4b1f41e2e04b0c
1584,RAD/KNC,0xe93f1a13f0bee0c8200dfc9162ddba580db69da7
1585,BTCB/FREE,0xe972af53b6e75402cba57b7111ef734ef7f3f767
1586,VUSD/xVON,0xe9bf9bec7b098cec3b7d961f539b1c34b0316dfb
1587,Cake/LPOOL,0xea716d8fc8cbcfecc5c3b9771c3794363d81bf68
1588,STFI/ANFI,0xeb1e6df585463628e6cb954c262002bbd26d3e2b
1589,WBNB/SIMPLE,0xeb4be715fb0071aa4965f6c72ed442c6b71d3fb8
1590,GLC/ADA,0xecc3655e44b9e103a0b87a8ee3fc9e619d58ee41
1591,TestToken/WBNB,0xed510ea222bdd8ebace0f021c83e89452b2be1f0
1592,401k/LINK,0xee3996018d5542336f94e7bc952867b461535ec2
1593,RAD/MATIC,0xee4bb894a924c3342a2e42017b29d640baf5c239
1594,Cake/DAI,0xee7c8b2eef8caeff8c3dd4e60a1d80303a195bf2
1595,libertates/WBNB,0xef27991a67e2fd1e0ed55879fcf88be8a9811db2
1596,MKT/WBNB,0xf12c8cb199a2798b43b95d59a6fd4169c6df0089
1597,WBNB/sam,0xf1bdbfeddcfd0b8fec700087c9a883583ce43a19
1598,WETH/KTA,0xf1ccac2b00640d5a35c045bff15b7c8eaaa77a38
1599,RYC/WBNB,0xf2e9c6a471dbc6c5e706f177ee40b3cc8b9b6a5c
1600,FLIGHTCOIN/WBNB,0xf36cdd526174941f915e9a2f1133c7840678bbd3
1601,KRP/XA9,0xf59a5129c3c9f42be3846cb90c4e0a74e4f6d501
1602,GDBY/WBNB,0xf67b8a817741dd074b38200c25f73c6af318dcf5
1603,XRP/ADA,0xf69d7311dbede921ca61364ad437a18223c0058b
1604,QUIDD/LMT,0xf6b44dd9e35e75fa9abc1fac34cca1abc8916c7a
1605,DAI/XA9,0xf71ad61f2407f0db66923a4a0286b6fca06f058c
1606,some/WBNB,0xf7c5f880924157a7fb22b658fb46b248289948bc
1607,ECP/DOGE,0xf9a49b7fa98e022cce019715f0b2e798a8210a1c
1608,üååMOONA/WBNB,0xfa2ec2dd644c5be968cd57060a2d5cce23835499
1609,ADA/Lsp 20,0xfb2c92d1182bd4cbf3c5a3c902f1d7c55458baa5
1610,SHINIBU/DIU,0xfb3b2f872c09d16b05e81beba772aa0ec164e862
1611,ONE/401k,0xfc62da95b0f756516c0d2b2adf5a5d00e939f98d
1612,Cake/OHR,0xfc66b3c43d11c1bf9775c890593988f34a331f29
1613,WBNB/FAIRFLY,0xfca75f9607b02d19fbd3de19e51df3500be7d3cb
1614,DAI/BTCB,0xfde50c1dc1f11435303393b72c9f998f9ceb8bb2
1615,WBNB/Tdoge,0xfe772e0c87be81afa25f6f177a21bfd84ae8288a
1616,LUNA/GTTR,0xfea8a55494fd17ebfd58a2bda85b5aafbab8b22f
