,POOL_NAME,POOL_ADDRESS,TOKEN1_ADDRESS,TOKEN2_ADDRESS
0,wMEMO/USDC.e,0xf93c610dd478d2e9fa47aa00ee3b726c6ac1c376,0x0da67235dd5787d67955420c84ca1cecd4e5bb3b,0xa7d7079b0fead91f3e65f86e8915cb59c1a4c664
1,sifu/WETH.e,0x783c0eff1112f3c4139dcb661c3fc57ca9ba6f3b,0x237917e8a998b37759c8ee2faa529d60c66c2927,0x49d5c2bdffac6ce2bfdb6640f4f80f226bc10bab
2,DIGITS/DAI.e,0xb44ce3f27d1fc145fd3cbd4f59c32cb9be154b33,0x18e2269f98db2eda3cfc06e6cca384b291e553d9,0xd586e7f844cea2f87f50152665bcbc2c279d8d70
3,MIM/WAVAX,0xcbb424fd93cdec0ef330d8a8c985e8b147f62339,0x130966628846bfd36ff31a822705796e8cb8c18d,0xb31f66aa3c1e785363f0875a1b74e27b85fd66c7
4,wMEMO/MIM,0x4d308c46ea9f234ea515cc51f16fba776451cac8,0x0da67235dd5787d67955420c84ca1cecd4e5bb3b,0x130966628846bfd36ff31a822705796e8cb8c18d
5,TIC/USDC.e,0x4cf9dc05c715812fead782dc98de0168029e05c8,0x75739a693459f33b1fbcc02099eea3ebcf150cbe,0xa7d7079b0fead91f3e65f86e8915cb59c1a4c664
6,MIM/USDC.e,0x0b212115882252e3640839feacf6cd45a8f419f5,0x130966628846bfd36ff31a822705796e8cb8c18d,0xa7d7079b0fead91f3e65f86e8915cb59c1a4c664
7,wMEMO/sifu,0x19a1c50d22ad1dc22726d880c9f578e2902c1d4b,0x0da67235dd5787d67955420c84ca1cecd4e5bb3b,0x237917e8a998b37759c8ee2faa529d60c66c2927
8,sSPELL/SPELL,0xe5cddbfd3a807691967e528f1d6b7f00b1919e6f,0x3ee97d514bbef95a2f110e6b9b73824719030f7a,0xce1bffbd5374dac86a2893119683f4911a2f7814
9,WAVAX/FAE,0x3730c99811fea9ca1dd977ddd6d3b80f8a0bebea,0xb31f66aa3c1e785363f0875a1b74e27b85fd66c7,0xcd1bb91f4eca93217421316480ca7d7c315827e5
10,USDC.e/WAVAX,0x4ed65dab34d5fd4b1eb384432027ce47e90e1185,0xa7d7079b0fead91f3e65f86e8915cb59c1a4c664,0xb31f66aa3c1e785363f0875a1b74e27b85fd66c7
11,WETH.e/USDC.e,0x669328b7adbcc15da8949faadd78a09ef025c1f8,0x49d5c2bdffac6ce2bfdb6640f4f80f226bc10bab,0xa7d7079b0fead91f3e65f86e8915cb59c1a4c664
12,WAVAX/USDC,0x6539bf462f73ff9497054ba261c195da8639ed61,0xb31f66aa3c1e785363f0875a1b74e27b85fd66c7,0xb97ef9ef8734c71904d8002f8b6bc66dd9c48a6e
13,USDC.e/USDT.e,0x708c1b2ae45d9f5986bf4fcb0a0120fe0db20dc3,0xa7d7079b0fead91f3e65f86e8915cb59c1a4c664,0xc7198437980c041c805a1edcba50c1ce5db95118
14,wMEMO/WAVAX,0x3e105e5acb4dab409fb365ba72d7793210ae6e59,0x0da67235dd5787d67955420c84ca1cecd4e5bb3b,0xb31f66aa3c1e785363f0875a1b74e27b85fd66c7
15,USDC.e/DAI.e,0x459eb852799057912138519eab28c8e0c227c42c,0xa7d7079b0fead91f3e65f86e8915cb59c1a4c664,0xd586e7f844cea2f87f50152665bcbc2c279d8d70
16,MIM/BSGG,0xb599e3cc5e7730865e74d78f2b9b67fdc627b743,0x130966628846bfd36ff31a822705796e8cb8c18d,0x63682bdc5f875e9bf69e201550658492c9763f89
17,AvSTRM/USDC,0x8cd301d1959c5bd1438a33b7ea0cd7b6add3e19d,0x94a7f270cd12545a277e656266aef5e27df3eb28,0xb97ef9ef8734c71904d8002f8b6bc66dd9c48a6e
18,LAND/USDT.e,0x84f9ef2b0183712c861e82b9d30c24c98984e5bd,0x2597dc2c0cfaeb1d6e02d365658e6e31cfc9cff0,0xc7198437980c041c805a1edcba50c1ce5db95118
19,WAVAX/WHIRL,0x5f17338e56bd644c804690fef778b4d6f2a9c0a0,0xb31f66aa3c1e785363f0875a1b74e27b85fd66c7,0xd806a4a473e44578796898a4c546f575d7247b2b
20,WAVAX/MU,0xbf12ca918c7e8cb260f480e74fdb99f5e0de5e8b,0xb31f66aa3c1e785363f0875a1b74e27b85fd66c7,0xd036414fa2bcbb802691491e323bff1348c5f4ba
21,Rex/WAVAX,0x29488375275ebb2dfb09c1e5d6119d677606da7b,0xa33fac40f62b7aa975d8835eaa8a4df8b74161bd,0xb31f66aa3c1e785363f0875a1b74e27b85fd66c7
22,JustinBuy/Rex,0x454eb80d24944a3e16fbe567d5e115593ff3703f,0x885748fd6b1011363159b8376236468c4039ac7a,0xa33fac40f62b7aa975d8835eaa8a4df8b74161bd
23,SUSHI.e/PEFI,0x24f01f3dcdee246567029bce8830a866c9cd2b1e,0x37b608519f91f70f2eeb0e5ed9af4061722e4f76,0xe896cdeaac9615145c0ca09c8cd5c25bced6384c
24,ElonBuy/Rex,0x2709463ca279c8678ecb4ff9cb780fb9b4991ff2,0x672d459acb1bca9be286ece0cf1e6aa776ee04af,0xa33fac40f62b7aa975d8835eaa8a4df8b74161bd
25,WAVAX/USDT.e,0x09657b445df5bf0141e3ef0f5276a329fc01de01,0xb31f66aa3c1e785363f0875a1b74e27b85fd66c7,0xc7198437980c041c805a1edcba50c1ce5db95118
26,OGUC/WAVAX,0x99b214981746a1d99db6d45a4e43b57e0ab4268e,0x6c7b8dc81ae49ea793998a0c784db9bc05981a3c,0xb31f66aa3c1e785363f0875a1b74e27b85fd66c7
27,SUSHI.e/WAVAX,0x84fe1a84c0448d1dc4199a40fe53db6a49ed6037,0x37b608519f91f70f2eeb0e5ed9af4061722e4f76,0xb31f66aa3c1e785363f0875a1b74e27b85fd66c7
28,WAVAX/ETH,0xe5dc9c75d4514a5a7fe370e636560699ba83c702,0xb31f66aa3c1e785363f0875a1b74e27b85fd66c7,0xf20d962a6c8f70c731bd838a3a388d7d48fa6e15
29,BNB/USDT.e,0xfa694732bd6f00601d4ca779f5380459271e576e,0x264c1383ea520f73dd837f915ef3a732e204a493,0xc7198437980c041c805a1edcba50c1ce5db95118
30,MIM/TIME,0x6cb6cb160bd629aaf07d2e51b3a435d909d01dd0,0x130966628846bfd36ff31a822705796e8cb8c18d,0xb54f16fb19478766a268f172c9480f8da1a7c9c3
31,NORO/WAVAX,0x6bee00c9c5800d233ff1c2403d4a16a9e9ae792b,0x8810dc193ba78b0db831687ebb8d79f24a8b5e81,0xb31f66aa3c1e785363f0875a1b74e27b85fd66c7
32,WETH.e/WAVAX,0x2fde1c280a623950b10b6483b9a0c23549c9b515,0x49d5c2bdffac6ce2bfdb6640f4f80f226bc10bab,0xb31f66aa3c1e785363f0875a1b74e27b85fd66c7
33,BNB/WAVAX,0x52e48172c646b81cb35bbb557f531fc4ece58a6c,0x264c1383ea520f73dd837f915ef3a732e204a493,0xb31f66aa3c1e785363f0875a1b74e27b85fd66c7
34,MEMO/WAVAX,0x06553e53dff0f8d8b1f8193904f69554f7644700,0x136acd46c134e8269052c62a67042d6bdedde3c9,0xb31f66aa3c1e785363f0875a1b74e27b85fd66c7
35,WAVAX/FRACTION,0x987964f314c9081f5ede4ad4c757f84b2ece1b09,0xb31f66aa3c1e785363f0875a1b74e27b85fd66c7,0xbd80cfa9d93a87d1bb895f810ea348e496611cd4
36,MIMIK/WAVAX,0x14479d0e9f5fdcc031094e0e770eee3e0f1f3da1,0x628745700716a547912f23e89ad86007d93e1b82,0xb31f66aa3c1e785363f0875a1b74e27b85fd66c7
37,xJOE/WAVAX,0xcc6bd32e6f167f0591c449e5ccbb671e06e0382b,0x57319d41f71e81f3c65f2a47ca4e001ebafd4f33,0xb31f66aa3c1e785363f0875a1b74e27b85fd66c7
38,WAVAX/SPELL,0x7782ea0303cd51f65ee1eb52770185bbc937c8f8,0xb31f66aa3c1e785363f0875a1b74e27b85fd66c7,0xce1bffbd5374dac86a2893119683f4911a2f7814
39,WETH.e/WBTC.e,0x55de93b08c2772d677f1263c3ea91b9d7d4ce79d,0x49d5c2bdffac6ce2bfdb6640f4f80f226bc10bab,0x50b7545627a5162f82a992c33b87adc75187b218
40,WAVAX/DSLA,0x2d205b9845dead678a16815a1a8b4380328549af,0xb31f66aa3c1e785363f0875a1b74e27b85fd66c7,0xd7c295e399ca928a3a14b01d760e794f1adf8990
41,wMEMO/SUSHI.e,0xbdc94029846f1698fd7f61318501689225fd0c3a,0x0da67235dd5787d67955420c84ca1cecd4e5bb3b,0x37b608519f91f70f2eeb0e5ed9af4061722e4f76
42,DAI.e/EGW,0x35e50ada0c215f88840ac48ae1e9c51210e34840,0xd586e7f844cea2f87f50152665bcbc2c279d8d70,0xf9e1a4866f344495e1956d59a7e2bcebb0bfbfaf
43,YEET/WAVAX,0x234ab6bf95d3ac105eed3b899a7dc256bc882b13,0x38b5ff140c4377fd4756fead5110e3bd5251eda8,0xb31f66aa3c1e785363f0875a1b74e27b85fd66c7
44,WAVAX/TIME,0x204ae948fae55288b39c24fb3132ef69c5ec26f2,0xb31f66aa3c1e785363f0875a1b74e27b85fd66c7,0xb54f16fb19478766a268f172c9480f8da1a7c9c3
45,FWBC/WAVAX,0xc31e215405bf5c858301314e9b664293be3d9886,0xa87e1377b4e2bfa03a822e4248cb5c5b13a61e92,0xb31f66aa3c1e785363f0875a1b74e27b85fd66c7
46,WAVAX/AFRO,0x64e7a80e8781c1c4b852dd9ce34f36c85031349c,0xb31f66aa3c1e785363f0875a1b74e27b85fd66c7,0xd3f12f3bb379ee6432de9a6ea3174f80c0d23e4e
47,wMEMO/USDT.e,0x3a642516dcb60300b7558c3c813899e799403ef7,0x0da67235dd5787d67955420c84ca1cecd4e5bb3b,0xc7198437980c041c805a1edcba50c1ce5db95118
48,WAVAX/ENIAC,0x573d76b5988ff7acecf1e381e1b3589b5ef44a20,0xb31f66aa3c1e785363f0875a1b74e27b85fd66c7,0xd54e41a0be7ad7a59384d5972d47cb003134b380
49,WBTC.e/WAVAX,0xe1051d42f623a1794d347aebeb2612bed2ffc667,0x50b7545627a5162f82a992c33b87adc75187b218,0xb31f66aa3c1e785363f0875a1b74e27b85fd66c7
50,FIB/WAVAX,0xe8603f84af197ce4ee0344b9a175853006123602,0x436e29d38f81afafa08903c5dc268b6be5722e1b,0xb31f66aa3c1e785363f0875a1b74e27b85fd66c7
51,ALIENO/USDT.e,0x96075ccad1de34dcc1cb18de8c46845ea95d89a5,0xc0b84a8e91aa93205d4342fd73c0a84141030799,0xc7198437980c041c805a1edcba50c1ce5db95118
52,GELT/WAVAX,0x869dac7b2317559aa2938b99baf34c36dedcaa52,0x1fe7801aaaaead28662c268775e43c1baef5b54d,0xb31f66aa3c1e785363f0875a1b74e27b85fd66c7
53,BSGG/WAVAX,0x9e163143f6eedd99388295e9f2b60a71303e0c90,0x63682bdc5f875e9bf69e201550658492c9763f89,0xb31f66aa3c1e785363f0875a1b74e27b85fd66c7
54,NRK/DAI.e,0x790c840b774d8f02ebdad9ddb74331614b535cef,0x61a47034276eb993e1c5e67bf1375ad0a48f10f6,0xd586e7f844cea2f87f50152665bcbc2c279d8d70
55,MIM/TOKEN,0x97de211811e65998759b51ca6c70074bfbd700a5,0x130966628846bfd36ff31a822705796e8cb8c18d,0xe0474c15bc7f8213ee5bfb42f9e68b2d6be2e136
56,CDS/WAVAX,0x10b130a529f9c0c1c9dbe92d5fcd590651e9524d,0x23f07a1c03e7c6d0c88e0e05e79b6e3511073fd5,0xb31f66aa3c1e785363f0875a1b74e27b85fd66c7
57,WAVAX/ACME,0x3dc6edd88bcee513d083c8cffbd5e811e9b4fcf1,0xb31f66aa3c1e785363f0875a1b74e27b85fd66c7,0xd0c893034fc04f603b1d71b00a39923342d312f4
58,SUSHI/WAVAX,0x27da820d8159942a8882d339195094cc6eb35453,0x39cf1bd5f15fb22ec3d9ff86b0727afc203427cc,0xb31f66aa3c1e785363f0875a1b74e27b85fd66c7
59,MIM/SUSHI.e,0xdf347ad511e5cd692e3633fdb623918560e229d0,0x130966628846bfd36ff31a822705796e8cb8c18d,0x37b608519f91f70f2eeb0e5ed9af4061722e4f76
60,BITDOLLAR/USDT.e,0x36d9e666444beb8ae525d7ba3a9b3ffdfaf0a066,0x62a1884539b902aee666e88a2c5a364f9b397d76,0xc7198437980c041c805a1edcba50c1ce5db95118
61,TST$/WAVAX,0x7526c534684434f520d40197b708d46086d82d7f,0x194e63b8ef97fe6bea0f39344598547630048746,0xb31f66aa3c1e785363f0875a1b74e27b85fd66c7
62,LIRA/WAVAX,0x4828c788d97599f7b4224a0e5dfb2106034e5cec,0x8031c44b96ec8c9b66ab16c2c164e8deeb361a3f,0xb31f66aa3c1e785363f0875a1b74e27b85fd66c7
63,WAVAX/DAI.e,0x55cf10bfbc6a9deaeb3c7ec0dd96d3c1179cb948,0xb31f66aa3c1e785363f0875a1b74e27b85fd66c7,0xd586e7f844cea2f87f50152665bcbc2c279d8d70
64,RSD/WAVAX,0x2c3e6df8e27dd19399b5880fdbc302de0bc9cdfb,0x61ed1c66239d29cc93c8597c6167159e8f69a823,0xb31f66aa3c1e785363f0875a1b74e27b85fd66c7
65,MIM/NRK,0x3bd621ec8e8d44fa2ee63f809c89e1a2ac9dcfe6,0x130966628846bfd36ff31a822705796e8cb8c18d,0x61a47034276eb993e1c5e67bf1375ad0a48f10f6
66,WHA/WAVAX,0x801074a7d13c007045443cd349b40a659dc3068c,0x53d6cb1396e8ba6d09c553409ccc34f98530d57f,0xb31f66aa3c1e785363f0875a1b74e27b85fd66c7
67,HEAL/WAVAX,0xf39aa44bfe0c0168d057c880e6b3be9bc270e05a,0x2c1309b52efbf69e3cc497594ad002362f254624,0xb31f66aa3c1e785363f0875a1b74e27b85fd66c7
68,wMEMO/BSGG,0xc0ced84c67cbb2d49674ccb234397be8d216c3ac,0x0da67235dd5787d67955420c84ca1cecd4e5bb3b,0x63682bdc5f875e9bf69e201550658492c9763f89
69,COVT/WAVAX,0x0e76b7725ed30675ac9604d0cf4682d447d169d7,0x47afacadc6773dc4b8177bc7ac3dd96383800380,0xb31f66aa3c1e785363f0875a1b74e27b85fd66c7
70,WAVAX/UNI,0xf272d5d0a633c463e3bf4d14c9fb4704057cd342,0xb31f66aa3c1e785363f0875a1b74e27b85fd66c7,0xf39f9671906d8630812f9d9863bbef5d523c84ab
71,WAVAX/LINK,0xaec2becb0711b263c665f1bc813c1f53f97c991a,0xb31f66aa3c1e785363f0875a1b74e27b85fd66c7,0xb3fe5374f67d7a22886a0ee082b2e2f9d2651651
72,WAVAX/USDT,0x47f1c2a9c9027a10c3b13d1c40dd976c5014339b,0xb31f66aa3c1e785363f0875a1b74e27b85fd66c7,0xde3a24028580884448a5397872046a019649b084
73,USDC.e/USDC,0xc82c535ac8a665b8a2c1a414a8bb0a3cc7923c77,0xa7d7079b0fead91f3e65f86e8915cb59c1a4c664,0xb97ef9ef8734c71904d8002f8b6bc66dd9c48a6e
74,MIM/SPELL,0x37bb7fe11a2620cbf30f2a534a763605920e16fe,0x130966628846bfd36ff31a822705796e8cb8c18d,0xce1bffbd5374dac86a2893119683f4911a2f7814
75,WAVAX/Rex,0x34371a41b4c236a17ed85689dced682037e69cf5,0xb31f66aa3c1e785363f0875a1b74e27b85fd66c7,0xd48e5873db000e862cea4fd17a07162b9026ee4b
76,DAWE/WAVAX,0xd312e3dbf9de7fa7e78bb54316f3c396b0793503,0x8d4416fd511895227aa46e7bb655203bef3dcab4,0xb31f66aa3c1e785363f0875a1b74e27b85fd66c7
77,YSOT/WAVAX,0x4b1a5926c464343b470f1d0a297f1f415096fb5f,0x8835f17f07214754bef9180756eeb7c6da116606,0xb31f66aa3c1e785363f0875a1b74e27b85fd66c7
78,TURI/USDC.e,0xe29fb1242098d3574aeb733ab0a4357b03b8230c,0x592eb2f978c71dbbb36ef5d3064a32206bd22a21,0xa7d7079b0fead91f3e65f86e8915cb59c1a4c664
79,AAVE.e/WAVAX,0x5fbe35bf97f54ec7ca95edbc8dfaeb21514739a7,0x63a72806098bd3d9520cc43356dd78afe5d386d9,0xb31f66aa3c1e785363f0875a1b74e27b85fd66c7
80,VERS/DAI.e,0x8f2473319c6ab8bfeac00b2fcc8fb7d0091a9423,0xaff6268287211783ca7c9934d5234765f57e98b6,0xd586e7f844cea2f87f50152665bcbc2c279d8d70
81,USDT.e/MINDAUGAS,0x2ae44ebd41eb863da65b320ab7b8688c6f43c156,0xc7198437980c041c805a1edcba50c1ce5db95118,0xcab9980aa9ea8a84f33f6ead1883db4d48d9e130
82,LOB/WAVAX,0x1ddcd23da377dcba6a3ee6a48b38c91163dc415d,0x9298753d77238d244bc0318bab9d774dea5238a4,0xb31f66aa3c1e785363f0875a1b74e27b85fd66c7
83,GREEN/WAVAX,0x21fa534b7c81ce348af5af8974509fff431078d4,0x10a90575183e8d9c3cc09b684124c58e7c3aeeb0,0xb31f66aa3c1e785363f0875a1b74e27b85fd66c7
84,SUSHI.e/BSGG,0x20db83f261dd78f656d47e49f6ba94d05acd9404,0x37b608519f91f70f2eeb0e5ed9af4061722e4f76,0x63682bdc5f875e9bf69e201550658492c9763f89
85,LOK/WAVAX,0xf7ec52ce066c8285a2fdf62cc5938b555603732b,0x4d8d24968458af521ef02aefd95f161df3f9ea01,0xb31f66aa3c1e785363f0875a1b74e27b85fd66c7
86,/USDT.e,0x4c55851a051f3ae6f6f327c18fe578e52c5c9cfe,0xa608d79c5f695c0d4c0e773a4938b57e18e0fc57,0xc7198437980c041c805a1edcba50c1ce5db95118
87,WAVAX/LIRA,0x900052a3cd0738c4a48c24777d5899afc4ae6614,0xb31f66aa3c1e785363f0875a1b74e27b85fd66c7,0xfd46f44a5ad3227a7325b695b6ea1aa549862309
88,WETH.e/USDT.e,0x96f08adde31aa73c0134f5647d6dcdaa19faac7d,0x49d5c2bdffac6ce2bfdb6640f4f80f226bc10bab,0xc7198437980c041c805a1edcba50c1ce5db95118
89,LOVE/WAVAX,0x1b11ca267dbc990f728b0b17b3edbfd92e521b27,0x5de95b9e4c2b0fcbc225c797b45a84c4f8499f1a,0xb31f66aa3c1e785363f0875a1b74e27b85fd66c7
90,PNG/WAVAX,0xa1708efd71e516a2d0ebd7ec8d877c02d4d2de6d,0x60781c2586d68229fde47564546784ab3faca982,0xb31f66aa3c1e785363f0875a1b74e27b85fd66c7
91,WAVAX/BRIDGE,0x3f309dd3d9b8448276f7ee768ae22a28d4b27e29,0xb31f66aa3c1e785363f0875a1b74e27b85fd66c7,0xc0367f9b1f84ca8de127226ac2a994ea4bf1e41b
92,wMEMO/SPELL,0x9501a14d772f1aa8aa4fdb042549fe7bef0fd319,0x0da67235dd5787d67955420c84ca1cecd4e5bb3b,0xce1bffbd5374dac86a2893119683f4911a2f7814
93,WAVAX/CRACK,0x7fc59de025072756f5c382b157110f94e960019a,0xb31f66aa3c1e785363f0875a1b74e27b85fd66c7,0xe9d00cbc5f02614d7281d742e6e815a47ce31107
94,MIM/GRAPE,0x509210daeca3fa714702becccba4dffacc8e7ef5,0x130966628846bfd36ff31a822705796e8cb8c18d,0x5541d83efad1f281571b343977648b75d95cdac2
95,SAITAMA/WAVAX,0x9bc78a8c926bbfb54f5d34bdb2f4f517e48b6e13,0x061900514d805c1722be288c090985d29370972d,0xb31f66aa3c1e785363f0875a1b74e27b85fd66c7
96,EVDC/WAVAX,0x58a21026799d1bf3b968a15383db05f61e2bac43,0x704eae6d452ca63ce479c59727177c5f3ba0d90c,0xb31f66aa3c1e785363f0875a1b74e27b85fd66c7
97,SUSHI.e/WETH.e,0xe943e645c98962119e069f70aec325e22ac3741a,0x37b608519f91f70f2eeb0e5ed9af4061722e4f76,0x49d5c2bdffac6ce2bfdb6640f4f80f226bc10bab
98,sSPELL/WAVAX,0x1538d42faa3ffbe055a3a0e75ae616c303f2cea5,0x3ee97d514bbef95a2f110e6b9b73824719030f7a,0xb31f66aa3c1e785363f0875a1b74e27b85fd66c7
99,SIPLEAN/DAI.e,0x5acc681537336c637a5cb063450f4e96391aaf85,0x64bc251b0eb9200948c9155573cd459c5e17c6a4,0xd586e7f844cea2f87f50152665bcbc2c279d8d70
100,ZERO/WAVAX,0x787be602db491e23b9c278673660bbed437f7898,0x008e26068b3eb40b443d3ea88c1ff99b789c10f7,0xb31f66aa3c1e785363f0875a1b74e27b85fd66c7
101,WBTC.e/USDT.e,0x219eecb04ff04af03e240118d0784e368ee0436f,0x50b7545627a5162f82a992c33b87adc75187b218,0xc7198437980c041c805a1edcba50c1ce5db95118
102,WETH.e/GTPS,0xd684802c2eefbacea3809805da517fed9a238a5c,0x49d5c2bdffac6ce2bfdb6640f4f80f226bc10bab,0xbe217b06d3233d56938aa2a8cd1ac728c9dc848a
103,AAVE.e/DAI.e,0x865e0fdb87175ba6f5e8e8b0a07c75bb193f1d07,0x63a72806098bd3d9520cc43356dd78afe5d386d9,0xd586e7f844cea2f87f50152665bcbc2c279d8d70
104,USDC.e/MU,0x1aaa28a4b6aacad1ee55b6e44d6b557976235724,0xa7d7079b0fead91f3e65f86e8915cb59c1a4c664,0xd036414fa2bcbb802691491e323bff1348c5f4ba
105,BSGG/USDT.e,0xe9b119fd58b0c30ed6460c6293d36f54dda68a39,0x63682bdc5f875e9bf69e201550658492c9763f89,0xc7198437980c041c805a1edcba50c1ce5db95118
106,STBL/WAVAX,0x3a9118436e893e7044762ef2085fde1698c223ab,0x296865984b9a240d3fc50077a1bf28deeec164cf,0xb31f66aa3c1e785363f0875a1b74e27b85fd66c7
107,MIM/WINE,0x090313f16e1bd2ee9ecfdc047c27832c248a2ba4,0x130966628846bfd36ff31a822705796e8cb8c18d,0xc55036b5348cfb45a932481744645985010d3a44
108,$NFG/WAVAX,0xb5cec7c5896f790a8d7c5588662d2a0eefe4726c,0x7d60c4862bf03905cebf9af435cf9229525361d4,0xb31f66aa3c1e785363f0875a1b74e27b85fd66c7
109,KIOO/WAVAX,0x622539d512d66e0feb890e88e0f4f8f4cf8b212f,0x45cdaf3fd17bd31d9830fa977159162dd2431683,0xb31f66aa3c1e785363f0875a1b74e27b85fd66c7
110,SMRTr/WAVAX,0x974374410f36841e8420c25e3db6d097d3a8aa04,0x6d923f688c7ff287dc3a5943caeefc994f97b290,0xb31f66aa3c1e785363f0875a1b74e27b85fd66c7
111,LOA/WAVAX,0x78c13e7549b56503dc11a1dbec284ac01ea24e32,0x5bcde17c50652ad6148c970f10bf06647137a7e4,0xb31f66aa3c1e785363f0875a1b74e27b85fd66c7
112,CROWN/USDC.e,0x6d1ec26876aabb159ed235ccb8aac4848fba26c0,0x39912d83acb4a373321387300f4fbe88aa5d6f14,0xa7d7079b0fead91f3e65f86e8915cb59c1a4c664
113,WAVAX/FAE,0x7223aaf122c5e206dfda6b18f4eafbd539d94fef,0xb31f66aa3c1e785363f0875a1b74e27b85fd66c7,0xcf8e47742f02f8240dd7655aec207b02de45d998
114,wMEMO/SLP,0xd09eb71f553400164c56ccdd22f7f6e07707793a,0x0da67235dd5787d67955420c84ca1cecd4e5bb3b,0x4d308c46ea9f234ea515cc51f16fba776451cac8
115,TAC/WAVAX,0xb6a3ae0d42e92a5ddf8eff130b71b1eeece14a4d,0x8bb0b9d6e637249b32f4c45f9eefe73d4a1ea9cc,0xb31f66aa3c1e785363f0875a1b74e27b85fd66c7
116,WAVAX/Rex2,0xdfa9246ea4cf0c5c1c680d0a2ba9ce085e4af594,0xb31f66aa3c1e785363f0875a1b74e27b85fd66c7,0xd88b18a20fcf47d62aac91a1db5f3857f3433783
117,WAVAX/TEST,0x3026eee7df0c3376663405b525981a44db3266bd,0xb31f66aa3c1e785363f0875a1b74e27b85fd66c7,0xe8ac210cd57d5672c24d7a88e8940897ecfa493c
118,PLEB/WAVAX,0x03ab5800f69e8741119bc2dbb8ae6bdf65f59743,0x625fc9bb971bb305a2ad63252665dcfe9098bee9,0xb31f66aa3c1e785363f0875a1b74e27b85fd66c7
119,KITSU/WAVAX,0x13f1b8050b7680e0f83d02a1fbda02d30fdf0b60,0x1de16c67253f1359999f2edf4bb483cfaea23c93,0xb31f66aa3c1e785363f0875a1b74e27b85fd66c7
120,KITSU/WAVAX,0xec7b51ebf3957b31b4a41db857a6c3ca5b5de383,0x3980c6af4c39253fe560bb3e5a77581f5d69dafc,0xb31f66aa3c1e785363f0875a1b74e27b85fd66c7
121,INU/WAVAX,0x028da43daba6c2e624ec70fb51f109edd4a9ff5f,0x718a00c9cdacb4bbdaa824497ee3fe699f0d74f8,0xb31f66aa3c1e785363f0875a1b74e27b85fd66c7
122,WAVAX/Rex2,0x4dc85c4fcfa2e9ff11fa7f6b4003ab96d758b5d6,0xb31f66aa3c1e785363f0875a1b74e27b85fd66c7,0xb85fa42dcb31a1733a4f816bd6aa966614316fbd
123,WAVAX/CLY,0xac6e3ed880c2cfc8224ac6062577edc393a7480f,0xb31f66aa3c1e785363f0875a1b74e27b85fd66c7,0xec3492a2508ddf4fdc0cd76f31f340b30d1793e6
124,WAVAX/SLP,0xcdf9563bc8c3384af24f373f4800ef713103aca9,0xb31f66aa3c1e785363f0875a1b74e27b85fd66c7,0xf3c18b71080defee88afbf957e1ed468a03b8d53
125,TITS/WAVAX,0x2baf212196b0e85946cca6e9f1b219431d4b9d06,0x135f60309b7ed333fdbe1b64019da721e5dc0036,0xb31f66aa3c1e785363f0875a1b74e27b85fd66c7
126,BUNIV/WAVAX,0xf3c18b71080defee88afbf957e1ed468a03b8d53,0x1c47a860276407a57349ab6aa37d4935522e9942,0xb31f66aa3c1e785363f0875a1b74e27b85fd66c7
127,YAW100/WAVAX,0x041290b3571518de62c6b91f06c144c7a8d9f30a,0x3893c15fc570487e745c9fb5c1093cdd226ad64e,0xb31f66aa3c1e785363f0875a1b74e27b85fd66c7
128,WAVAX/BOB,0x37b473780f7f69892629b6b59d5939d40dd2b032,0xb31f66aa3c1e785363f0875a1b74e27b85fd66c7,0xefc42fc9c5d607bed3ed45c2895e60c9aba9110a
129,VDZY/WAVAX,0x5fc64d152a18db272b1b3d4b01f51a92186c4dac,0x01fa33e38fed26bc9568b8cb595c76b46fe3a1b6,0xb31f66aa3c1e785363f0875a1b74e27b85fd66c7
130,ACME/USDT.e,0x37adc4f9f585d20a844ec018e541759eba11656c,0x5bb7c73e0939cd985e2184ee751f9193e599052b,0xc7198437980c041c805a1edcba50c1ce5db95118
131,t/WAVAX,0x9ae33cb6e78aeeb65b839c3076616562bb568f71,0x5279d013f9bdfe00a0ed20c03ae0217b760def88,0xb31f66aa3c1e785363f0875a1b74e27b85fd66c7
132,MIM/PENDLE,0x8e0ba7c64e2e69c56cba9f59a37884559a1b7409,0x130966628846bfd36ff31a822705796e8cb8c18d,0xfb98b335551a418cd0737375a2ea0ded62ea213b
133,FVAX/WAVAX,0xbaaed274b088e3bd4e30fea26519ed7d23b7c7c6,0x563ca8141849cdbc70201554b6cf20a2d469ea81,0xb31f66aa3c1e785363f0875a1b74e27b85fd66c7
134,CRA/WAVAX,0xc873c6f57f7304a840b2341778e6ff0df6a0b7b9,0xa32608e873f9ddef944b24798db69d80bbb4d1ed,0xb31f66aa3c1e785363f0875a1b74e27b85fd66c7
135,WETH.e/GFI,0xd597af6297b89fe8631198e4bccae7af6612cd18,0x49d5c2bdffac6ce2bfdb6640f4f80f226bc10bab,0x5e7bd0a28da3f84fad28617959d82d64e1239800
136,ISA/WAVAX,0x204e814dd86de92f4148733d68ed88300fc50f89,0x3eefb18003d033661f84e48360ebecd181a84709,0xb31f66aa3c1e785363f0875a1b74e27b85fd66c7
137,Bil/WAVAX,0x518e5fad6febb2203fadd611512a441f716e74b5,0x4a3418ebc0315092d87fb2c6297f552768cc4c74,0xb31f66aa3c1e785363f0875a1b74e27b85fd66c7
138,NEWO/WAVAX,0xcb50e3be938244f54d8596093fe75560fdf446b6,0x18befca3669d727987c528ed808a8ef27bcdc543,0xb31f66aa3c1e785363f0875a1b74e27b85fd66c7
139,SHIB.e/WAVAX,0x33a0825d4f7374ccdfb52524cd3f8cb8398280be,0x02d980a0d7af3fb7cf7df8cb35d9edbcf355f665,0xb31f66aa3c1e785363f0875a1b74e27b85fd66c7
140,EROS/DAI.e,0x7a6f4ce1180f0ff874a2a31141f85d5ec1b8149d,0x36382b14f1e7a70d71e5a6c31f9d5d917707a70f,0xd586e7f844cea2f87f50152665bcbc2c279d8d70
141,LVL/WAVAX,0x024b853ed4cb80f57b9e3989c0f4bd416a995861,0x33c7ca334a963e9c8c8b105aa097a7e392a286c7,0xb31f66aa3c1e785363f0875a1b74e27b85fd66c7
142,WAL/WAVAX,0x41997150ef38a3091f5fa3191f529e1f0cfac1e3,0x46d4bd30c19043241fce27eeb03f4c648b4e4c24,0xb31f66aa3c1e785363f0875a1b74e27b85fd66c7
143,QI/WAVAX,0x2cbec2f846daefa8c1f5c3e12dcb56ee41a5750f,0x8729438eb15e2c8b576fcc6aecda6a148776c0f5,0xb31f66aa3c1e785363f0875a1b74e27b85fd66c7
144,AMPL/USDC.e,0xef0918db71dce3735da2b1ed097cbb380bdafde8,0x027dbca046ca156de9622cd1e2d907d375e53aa7,0xa7d7079b0fead91f3e65f86e8915cb59c1a4c664
145,GRT.e/WAVAX,0xe41f8117d6828482d4797bd305eac7159dcbc10c,0x8a0cac13c7da965a312f08ea4229c37869e85cb9,0xb31f66aa3c1e785363f0875a1b74e27b85fd66c7
146,WAVAX/PER,0x673439dce4d22c0ea9abef985c4aac036b7d561e,0xb31f66aa3c1e785363f0875a1b74e27b85fd66c7,0xf8eb54c65eb9ade9b7c5e41b76058d284ebff472
147,JOE/WAVAX,0xb73c30c2741b8c62730b58b10ceaa55bddda7327,0x6e84a6216ea6dacc71ee8e6b0a5b7322eebc0fdd,0xb31f66aa3c1e785363f0875a1b74e27b85fd66c7
148,WAVAX/TOURN,0xb346ab8d4261a7ae855448fe456b7e36bc64b69b,0xb31f66aa3c1e785363f0875a1b74e27b85fd66c7,0xea31cb7674b192ecda6d32fdfdd136cee651b6f2
149,GED/DAI.e,0xedda14aeedb9e607dce88aaf91d079de66f3ace0,0x27c272d56a043d57e1c8c86a974052103774bdbf,0xd586e7f844cea2f87f50152665bcbc2c279d8d70
150,TITANO/WAVAX,0x9f10f842145dd5354a28cb16b7d5f946232d66e0,0x551267b11706b0fcca2ba621661ea83400526c12,0xb31f66aa3c1e785363f0875a1b74e27b85fd66c7
151,VOID/WAVAX,0x8ed9dd1986546fbf5ee6ebbdec934a24074fd3fa,0x02fe8adc1b58a63ccb1bb8c39930dcedd7cef4db,0xb31f66aa3c1e785363f0875a1b74e27b85fd66c7
152,GTPS/WETH.e,0x15b20146f1c74ae9eb863c4f772f307342f3750e,0x0fc6bed37833fcc6381b36e7ef7534be8029a9c3,0x49d5c2bdffac6ce2bfdb6640f4f80f226bc10bab
153,WETH.e/SPELL,0xfee7a0fd5cde5e3fb0e0bd30026547715ab7450d,0x49d5c2bdffac6ce2bfdb6640f4f80f226bc10bab,0xce1bffbd5374dac86a2893119683f4911a2f7814
154,TOURN/WAVAX,0x349495df940d3b42e7132215ff654564a8bdf3ca,0x11b087545a5b6c8b6db20a4b910860f5a75e1d8c,0xb31f66aa3c1e785363f0875a1b74e27b85fd66c7
155,WBTC/WAVAX,0xae0ffc93315a5215047ded27880ac50a537e0a2e,0x408d4cd0adb7cebd1f1a1c33a0ba2098e1295bab,0xb31f66aa3c1e785363f0875a1b74e27b85fd66c7
156,WETH.e/USDC,0xd57a18913f6b7e96225f9ba317f4249663df29ce,0x49d5c2bdffac6ce2bfdb6640f4f80f226bc10bab,0xb97ef9ef8734c71904d8002f8b6bc66dd9c48a6e
157,BSGG/DAI.e,0xc8990fd4ed2995c7e7e58eac2afa7f6c6258a786,0x63682bdc5f875e9bf69e201550658492c9763f89,0xd586e7f844cea2f87f50152665bcbc2c279d8d70
158,USDT/ETH,0xb40a3c121074b4cbc9e366da64bd0e7a3510e5e6,0xde3a24028580884448a5397872046a019649b084,0xf20d962a6c8f70c731bd838a3a388d7d48fa6e15
159,PXT2/WAVAX,0x2d83ce7e3781e2e08622fd1cdfabb65af3fa4f58,0x9e20af05ab5fed467dfdd5bb5752f7d5410c832e,0xb31f66aa3c1e785363f0875a1b74e27b85fd66c7
160,STORM/WAVAX,0x801a6792604f83485e4993047e7508063c04d605,0x6afd5a1ea4b793cc1526d6dc7e99a608b356ef7b,0xb31f66aa3c1e785363f0875a1b74e27b85fd66c7
161,ZRX.e/WAVAX,0x6066f756b0726ac832ff14b07ffaeb49616ed173,0x596fa47043f99a4e0f122243b841e55375cde0d2,0xb31f66aa3c1e785363f0875a1b74e27b85fd66c7
162,AMPL/TIC,0x0dc71d8f097db80cd203fd5cc6d2c6a90489a66a,0x027dbca046ca156de9622cd1e2d907d375e53aa7,0x75739a693459f33b1fbcc02099eea3ebcf150cbe
163,ODDZ/WAVAX,0xa21b89642a158b6b5f7c5428a49abc62c5db6860,0xb0a6e056b587d0a85640b39b1cb44086f7a26a1e,0xb31f66aa3c1e785363f0875a1b74e27b85fd66c7
164,COOK/WAVAX,0xac193a657065571bcb000c3d45857e453bfa2e6b,0x637afeff75ca669ff92e4570b14d6399a658902f,0xb31f66aa3c1e785363f0875a1b74e27b85fd66c7
165,wMEMO/WETH.e,0xd311cb6617f0703d9dd81c88f3aaaf9fa3c0468d,0x0da67235dd5787d67955420c84ca1cecd4e5bb3b,0x49d5c2bdffac6ce2bfdb6640f4f80f226bc10bab
166,ACME/WAVAX,0xa980deafc4b206fc6f3f28a40e8f3a18eeb0c4c7,0x5bb7c73e0939cd985e2184ee751f9193e599052b,0xb31f66aa3c1e785363f0875a1b74e27b85fd66c7
167,wMEMO/TIME,0xde687f9aad2c5033b84d62281241ebb0ee055f62,0x0da67235dd5787d67955420c84ca1cecd4e5bb3b,0xb54f16fb19478766a268f172c9480f8da1a7c9c3
168,LINK.e/WAVAX,0xf34b86ddab4b7d0fb5269b074d8bd2de397d2ddc,0x5947bb275c521040051d82396192181b413227a3,0xb31f66aa3c1e785363f0875a1b74e27b85fd66c7
169,WAVAX/OTK,0x45f4e85d325f55c1d395d0424abe3565709d5920,0xb31f66aa3c1e785363f0875a1b74e27b85fd66c7,0xd3fdec48a7a582c69ffab0a9749c6773e9eafcca
170,WAVAX/FRAX,0xb0f5ac7c69c582aa8f5df254717ef547d6e4ac0e,0xb31f66aa3c1e785363f0875a1b74e27b85fd66c7,0xdc42728b0ea910349ed3c6e1c9dc06b5fb591f98
171,MIM/STBL,0x320f2d7eab9d8aa30337f71a6e5e3fdf2e749c2c,0x130966628846bfd36ff31a822705796e8cb8c18d,0x296865984b9a240d3fc50077a1bf28deeec164cf
172,SUSHI.e/ACME,0xab7ca7619d7a884b152c13bf6f88fc9d4ebfb621,0x37b608519f91f70f2eeb0e5ed9af4061722e4f76,0x5bb7c73e0939cd985e2184ee751f9193e599052b
173,wMEMO/BIT,0x48c82d8bdeb4d9cf5242c52d37fb4705661a8018,0x0da67235dd5787d67955420c84ca1cecd4e5bb3b,0x656b51cb40292f60bbbbb80262bafc28ca7115d5
174,MIM/RGK,0x64243c2cf1a6bf5d5c537f8617f74db0f7523154,0x130966628846bfd36ff31a822705796e8cb8c18d,0x5472e93626803ff5c8821d98e8608c39ca33a11c
175,wMEMO/JOE,0x998542870912c50806800be82dc79eed82c992e4,0x0da67235dd5787d67955420c84ca1cecd4e5bb3b,0x6e84a6216ea6dacc71ee8e6b0a5b7322eebc0fdd
176,pPOPS/WAVAX,0xfbbf95f1a2bd79fae772d14f18e38e8d4357a289,0x270ae074bafa4f8b2751363721badc81a09dc0b0,0xb31f66aa3c1e785363f0875a1b74e27b85fd66c7
177,MIM/SDT,0x99f34cf42502225c9cdde2807321bb96011baca1,0x130966628846bfd36ff31a822705796e8cb8c18d,0xb506bc763cd80ed407a9d3f61080c4e82f7cb77e
178,WAVAX/AES,0x22b97cd8e0dba9bb6d15eb97c94faa8182f48ab3,0xb31f66aa3c1e785363f0875a1b74e27b85fd66c7,0xfbca7ab8ecba28eaddfd189ebccb6fcde95b8e2a
179,YAW100/DAI.e,0xcd588ce1786c302879cde8d90c179d863550852c,0x3893c15fc570487e745c9fb5c1093cdd226ad64e,0xd586e7f844cea2f87f50152665bcbc2c279d8d70
180,WAVAX/MOVR,0x34f06644d50c979f78aa007e5e61d0040762b15e,0xb31f66aa3c1e785363f0875a1b74e27b85fd66c7,0xf873633df9d5cdd62bb1f402499cc470a72a02d7
181,WAVAX/xPEFI,0xf152b27df4c6cb6a10bc7d573ea4fbf6569266cd,0xb31f66aa3c1e785363f0875a1b74e27b85fd66c7,0xd79a36056c271b988c5f1953e664e61416a9820f
182,WETH.e/LINK.e,0xb266d875bb62497c9abbab7bd0da6e45391a9546,0x49d5c2bdffac6ce2bfdb6640f4f80f226bc10bab,0x5947bb275c521040051d82396192181b413227a3
183,MIM/CROWN,0x53212695048d8637d2224dab157a7358df52901a,0x130966628846bfd36ff31a822705796e8cb8c18d,0x39912d83acb4a373321387300f4fbe88aa5d6f14
184,WETH.e/ICE,0x2c50f9fdd6aca6b69a1317b8ea58c42ea67c3d0d,0x49d5c2bdffac6ce2bfdb6640f4f80f226bc10bab,0xe0ce60af0850bf54072635e66e79df17082a1109
185,MIM/SIPLEAN,0xdb6d6cfeb658860d16de46d203ab8e7f9decb6d4,0x130966628846bfd36ff31a822705796e8cb8c18d,0x64bc251b0eb9200948c9155573cd459c5e17c6a4
186,MIM/QI,0x30d11d9ce7f455c71e6b972aacf2cf000967a9df,0x130966628846bfd36ff31a822705796e8cb8c18d,0x8729438eb15e2c8b576fcc6aecda6a148776c0f5
187,ICY/WAVAX,0xd3dd79436f4f11ecb5f809253fba824457de7dfe,0x78bf833aae77ebf62c21a9a5a6993a691810f2e1,0xb31f66aa3c1e785363f0875a1b74e27b85fd66c7
188,STOMB/WAVAX,0x7b4fde48f4f05849a38bc805cad0aa24e5b59d87,0x9e6832d13b29d0b1c1c3465242681039b31c7a05,0xb31f66aa3c1e785363f0875a1b74e27b85fd66c7
189,WAVAX/HeC,0x20a78028f055bbaf490685c0f500dae548f7ed35,0xb31f66aa3c1e785363f0875a1b74e27b85fd66c7,0xc7f4debc8072e23fe9259a5c0398326d8efb7f5c
190,KITSU/WAVAX,0x00e962108275521949c7e8088c13a31fb8fd4a88,0x85dbd0acbcbb4621a2e2b1fd198119b79f76016c,0xb31f66aa3c1e785363f0875a1b74e27b85fd66c7
191,YAW/WAVAX,0x801d73b81387b823de1828302f01518f8ab7a716,0x93ca13028aa1658327e65f18d3f68f9905f8436e,0xb31f66aa3c1e785363f0875a1b74e27b85fd66c7
192,wMEMO/WBTC.e,0xd545d487c6f54ad6747633cac513d3992276b679,0x0da67235dd5787d67955420c84ca1cecd4e5bb3b,0x50b7545627a5162f82a992c33b87adc75187b218
193,WAVAX/SNRW,0x29e10f100ac90cd7c0cc704c6d0425df04d43613,0xb31f66aa3c1e785363f0875a1b74e27b85fd66c7,0xe677bdc4f5ac7ef7701f4199f25abad34d41fd7f
194,MIM/OGKU,0x9737714774d8a2d8d4b8910e36e1507cad783a7d,0x130966628846bfd36ff31a822705796e8cb8c18d,0x1dff04513f5f50afb2cff7fc66f4fd84290e5d0e
195,SIPLEAN/USDT.e,0x349efd3f57a4a627affd500c7c47f990a8175329,0x64bc251b0eb9200948c9155573cd459c5e17c6a4,0xc7198437980c041c805a1edcba50c1ce5db95118
196,SUSHI.e/TIME,0x81367146505946ab226c0b518d50f9c9222ac0f4,0x37b608519f91f70f2eeb0e5ed9af4061722e4f76,0xb54f16fb19478766a268f172c9480f8da1a7c9c3
197,MELT/WAVAX,0x2895eca1b0a49184a6c680d0bc5d46ef51ea2c95,0x47eb6f7525c1aa999fbc9ee92715f5231eb1241d,0xb31f66aa3c1e785363f0875a1b74e27b85fd66c7
198,WINX/WAVAX,0x75da2bb7fb8c244b6e2fd95e55e4b70f6e904adc,0x93eb4003a17119cbc3704dfd2cf218b5f2837fc6,0xb31f66aa3c1e785363f0875a1b74e27b85fd66c7
199,WAVAX/DAI,0x034c1b19dab61b5de448efc1e10a2e592725c893,0xb31f66aa3c1e785363f0875a1b74e27b85fd66c7,0xba7deebbfc5fa1100fb055a87773e1e99cd3507a
200,AMPL/WETH.e,0xd53d98f54e7db49a1536c3dace21b0584bf8c70f,0x027dbca046ca156de9622cd1e2d907d375e53aa7,0x49d5c2bdffac6ce2bfdb6640f4f80f226bc10bab
201,WAVAX/AKITA,0x0955d47ce44f7a44a433f0835dbb66cd964b4977,0xb31f66aa3c1e785363f0875a1b74e27b85fd66c7,0xcaf5191fc480f43e4df80106c7695eca56e48b18
202,MSAA/WAVAX,0x31a6c8706b8114691bc42eec6266ceefe1781471,0x38b00fdf5f57831ca168676a71d860d1f084c84c,0xb31f66aa3c1e785363f0875a1b74e27b85fd66c7
203,USDT.e/DAI.e,0x3f152b67fd8739fc3a48fbbfc445f5ee2bb591b5,0xc7198437980c041c805a1edcba50c1ce5db95118,0xd586e7f844cea2f87f50152665bcbc2c279d8d70
204,YAW/DAI.e,0xa7daff062c182602e98174760f7e8d761813917b,0x93ca13028aa1658327e65f18d3f68f9905f8436e,0xd586e7f844cea2f87f50152665bcbc2c279d8d70
205,UNIV/WAVAX,0xb382f48ee9b6be5439fe4e344768ede76fe05f6e,0x959b88966fc5b261df8359961357d34f4ee27b4a,0xb31f66aa3c1e785363f0875a1b74e27b85fd66c7
206,TITS/WAVAX,0xead6684e18499a43fc020d2d54cdab8c5ad858c2,0x59167b7449e942b893dcc2d3e0d403701ab3e1c8,0xb31f66aa3c1e785363f0875a1b74e27b85fd66c7
207,WAVAX/FAE,0x22f371febed3519f76d68e0ac303fa6a2d2fddd4,0xb31f66aa3c1e785363f0875a1b74e27b85fd66c7,0xd60e9ab480da5012d66b8c5f486bab57cf45e431
208,MOON/WAVAX,0x0208f3e7fd7da812be2d54610b61f15b5be43fbf,0x4acce12425695debf1c54c40423db998adf41d9b,0xb31f66aa3c1e785363f0875a1b74e27b85fd66c7
209,MIM/WETH.e,0xd4f8b6fc89dcd79f3ba297c6180fd1028d69b9ed,0x130966628846bfd36ff31a822705796e8cb8c18d,0x49d5c2bdffac6ce2bfdb6640f4f80f226bc10bab
210,JOE/USDT.e,0x9703e3cf7a02e89fd95dc0ec540bc2b73fde2442,0x6e84a6216ea6dacc71ee8e6b0a5b7322eebc0fdd,0xc7198437980c041c805a1edcba50c1ce5db95118
211,WAVAX/PEFI,0x576007651142dd1056e8a792533a9c4925748660,0xb31f66aa3c1e785363f0875a1b74e27b85fd66c7,0xe896cdeaac9615145c0ca09c8cd5c25bced6384c
212,AMPL/WAVAX,0xa0f33239aec59b6dace0f16aa991e0bc262a3e98,0x027dbca046ca156de9622cd1e2d907d375e53aa7,0xb31f66aa3c1e785363f0875a1b74e27b85fd66c7
213,BSGG/TIME,0xfcf7a3bde63fd065bb23544df8fe4d9ec3c4b51e,0x63682bdc5f875e9bf69e201550658492c9763f89,0xb54f16fb19478766a268f172c9480f8da1a7c9c3
214,gOHM/WAVAX,0xf642f80655c63f687eaf12838ceaf2909d31ef52,0x321e7092a180bb43555132ec53aaa65a5bf84251,0xb31f66aa3c1e785363f0875a1b74e27b85fd66c7
215,SPORE/WAVAX,0xc9206eeb0c3483a6b7f9cf0fdde2cdbc26831aa6,0x6e7f5c0b9f4432716bdd0a77a3601291b9d9e985,0xb31f66aa3c1e785363f0875a1b74e27b85fd66c7
216,WAVAX/SNOB,0xede97b96adc4593c12aead144b6f2887375a0506,0xb31f66aa3c1e785363f0875a1b74e27b85fd66c7,0xc38f41a296a4493ff429f1238e030924a1542e50
217,BLIZZ/WAVAX,0xc96e21667d0faabb02e5c6a1f9355d99f9b16cd4,0xb147656604217a03fe2c73c4838770df8d9d21b8,0xb31f66aa3c1e785363f0875a1b74e27b85fd66c7
218,BIT/WAVAX,0x540342d9ab5d1fc10fb3e34e0b6da76ecedf4074,0x656b51cb40292f60bbbbb80262bafc28ca7115d5,0xb31f66aa3c1e785363f0875a1b74e27b85fd66c7
219,DIGITS/WAVAX,0x9a607ea488eefc9c71e13a139092d015086b8211,0x18e2269f98db2eda3cfc06e6cca384b291e553d9,0xb31f66aa3c1e785363f0875a1b74e27b85fd66c7
220,SIPLEAN/USDC.e,0xa25bc1de9c55ff697a6caa74ef6c51b131a14244,0x64bc251b0eb9200948c9155573cd459c5e17c6a4,0xa7d7079b0fead91f3e65f86e8915cb59c1a4c664
221,CROWN/WAVAX,0xb1b9f5981079fb7cce67cfc1f104a3cccef1bc86,0x39912d83acb4a373321387300f4fbe88aa5d6f14,0xb31f66aa3c1e785363f0875a1b74e27b85fd66c7
222,wMEMO/xJOE,0x3ab52b93fa04803508a3154a257f0498289dd58d,0x0da67235dd5787d67955420c84ca1cecd4e5bb3b,0x57319d41f71e81f3c65f2a47ca4e001ebafd4f33
223,UST/USDC,0x5be4ef66f028f4cc48e5a341b34fbfd47ed9bfe1,0x260bbf5698121eb85e7a74f2e45e16ce762ebe11,0xb97ef9ef8734c71904d8002f8b6bc66dd9c48a6e
224,ABR/WAVAX,0xe2553db876922acbfb8ec5d7e46e0c89d0dc6375,0xafc43610c7840b20b90caaf93759be5b54b291c9,0xb31f66aa3c1e785363f0875a1b74e27b85fd66c7
225,Bil/WAVAX,0x6849962a9c534d1c3741a0ec1b1361a5c97a7952,0x74a9521f9a8777bbf92ef769c5d61f251d0adffe,0xb31f66aa3c1e785363f0875a1b74e27b85fd66c7
226,Sat/WAVAX,0x12b1425911864bc118e384ea9e8f33a4c30abd4b,0x52768a41443eb50bce4f1f8463d212ab31f56949,0xb31f66aa3c1e785363f0875a1b74e27b85fd66c7
227,WAVAX/Mon,0x8e79e7a048f0402d9bbcf69cea98523fda84be7c,0xb31f66aa3c1e785363f0875a1b74e27b85fd66c7,0xd4cf279b7352cd0bf9327cd2ecea078ebbed5676
228,Bud/WAVAX,0x40df2c0d151df5b50d34aa518b0fce46e556937d,0x37e0242c1f261802439558b618108aceb0b50f6b,0xb31f66aa3c1e785363f0875a1b74e27b85fd66c7
229,WAVAX/Kiw,0xc6ddb9718720fa3755672c40b55a5b9d5977eee8,0xb31f66aa3c1e785363f0875a1b74e27b85fd66c7,0xdfc930a10177944a05ae598fba37c82f4c589b6d
230,WAVAX/LULZ,0x910b9506a61f938fa69176f4f18304187b8a79a2,0xb31f66aa3c1e785363f0875a1b74e27b85fd66c7,0xbb92f804f2f1f9f1d68a14a5c6a17f242629d389
231,MIM/sSPELL,0x32879d0d48683fd0802e9a65c6959eeefd682e3f,0x130966628846bfd36ff31a822705796e8cb8c18d,0x3ee97d514bbef95a2f110e6b9b73824719030f7a
232,GRO/WAVAX,0x3387200d52e41dbe90e42983d83487d5279c3b92,0x72699ba15cc734f8db874fa9652c8de12093f187,0xb31f66aa3c1e785363f0875a1b74e27b85fd66c7
233,RGK/WAVAX,0x0fe8cc7d92cc882a59f86235cc99be6bea9a740d,0x5472e93626803ff5c8821d98e8608c39ca33a11c,0xb31f66aa3c1e785363f0875a1b74e27b85fd66c7
234,ALPHA/WAVAX,0xb3faef8fd91c589652a42b378d7c8e79c5087810,0x7194cb1e942ba5c8e4801e953bfc801f0b737439,0xb31f66aa3c1e785363f0875a1b74e27b85fd66c7
235,THOT/WAVAX,0xa3c0448282f548222fb918268d0c4b506eedb213,0xa4ed6a8b07416ce77a6d4b3f124cf8f3a5b76b96,0xb31f66aa3c1e785363f0875a1b74e27b85fd66c7
236,MIM/USDT.e,0x0e6c7e325e835933043fbc14889555d3a4f925bf,0x130966628846bfd36ff31a822705796e8cb8c18d,0xc7198437980c041c805a1edcba50c1ce5db95118
237,USDC.e/SPELL,0x7a8cc3fc25687526871ba9fc238dab6d3d210b69,0xa7d7079b0fead91f3e65f86e8915cb59c1a4c664,0xce1bffbd5374dac86a2893119683f4911a2f7814
238,YAW/USDC.e,0x8e6e3a753856d1cf3825b154d5511de320e1ced3,0x93ca13028aa1658327e65f18d3f68f9905f8436e,0xa7d7079b0fead91f3e65f86e8915cb59c1a4c664
239,YAW100/USDC.e,0xfbb4c95840f1bc947983ce0143667c45f2b582fe,0x3893c15fc570487e745c9fb5c1093cdd226ad64e,0xa7d7079b0fead91f3e65f86e8915cb59c1a4c664
240,BIT/USDT.e,0x764c6ea377d3e1282e2cddc13b6d546c51071829,0x656b51cb40292f60bbbbb80262bafc28ca7115d5,0xc7198437980c041c805a1edcba50c1ce5db95118
241,MIM/SRA,0x322650194d9a421394f4559ca9c7594bddb748e4,0x130966628846bfd36ff31a822705796e8cb8c18d,0x877ade8c5f4f9cccede050beb1f1a52554c707ce
242,DAI.e/DIGITS,0xc4c4ecd2e98ebb3754a00b04345ce7ec98c9ce08,0xd586e7f844cea2f87f50152665bcbc2c279d8d70,0xd9f64084af01a73628fa79b1d65c5000795ddb99
243,MIM/LUCKY,0x1cfea18fa40990c0a6662504d78e881a3ef6d7bf,0x130966628846bfd36ff31a822705796e8cb8c18d,0xf945e994d8b42157cc3806eaed6dc85bb10dabd0
244,MIM/DIGITS,0x35eb96913cbbb127e24b00deb4a26f67f2510ea2,0x130966628846bfd36ff31a822705796e8cb8c18d,0xfbb4a402adc589b06fff952d36f860dd78ea24be
245,WAVAX/TUS,0xf967658df1cfe8963b06e6a9f8028ac80ddc1b80,0xb31f66aa3c1e785363f0875a1b74e27b85fd66c7,0xf693248f96fe03422fea95ac0afbbbc4a8fdd172
246,Rex3/WAVAX,0x0fb747d5db225d381b7b5baa466be0c1390da767,0x9510880baae443c1af131dca014154953590c337,0xb31f66aa3c1e785363f0875a1b74e27b85fd66c7
247,HST/WAVAX,0x4ec22a8fdf4a81621f496f6cc84fa36f20494f66,0x12aa123ef603a38075c32e054aedf76e8ae52b90,0xb31f66aa3c1e785363f0875a1b74e27b85fd66c7
248,OH/WAVAX,0xcb03b08d09368592beab3b895558431fcc2086be,0x937e077abaea52d3abf879c9b9d3f2ebd15baa21,0xb31f66aa3c1e785363f0875a1b74e27b85fd66c7
249,CRV/WAVAX,0xadc08276e9e60bac28f5728bd08272104ef70785,0x47536f17f4ff30e64a96a7555826b8f9e66ec468,0xb31f66aa3c1e785363f0875a1b74e27b85fd66c7
250,MIM/SLP,0x7af2fd8e8094b902f457af489fc79f0aac63ce41,0x130966628846bfd36ff31a822705796e8cb8c18d,0x4d308c46ea9f234ea515cc51f16fba776451cac8
251,WAVAX/GTPS,0x7aded8786cf28373ca1c671868a9dee6c9c5a434,0xb31f66aa3c1e785363f0875a1b74e27b85fd66c7,0xbe217b06d3233d56938aa2a8cd1ac728c9dc848a
252,WETH.e/AAVE.e,0x0ca0ff7eaae72faab1df7e1a1c0afcf7d0a68dfd,0x49d5c2bdffac6ce2bfdb6640f4f80f226bc10bab,0x63a72806098bd3d9520cc43356dd78afe5d386d9
253,USDC/DAI.e,0xaae274fe35c502698599690795ff215913dbe8fd,0xb97ef9ef8734c71904d8002f8b6bc66dd9c48a6e,0xd586e7f844cea2f87f50152665bcbc2c279d8d70
254,PTP/WAVAX,0xf5612ab25db5b1d19ca0a82aa93c8e87bfbc5a5c,0x22d4002028f537599be9f666d1c4fa138522f9c8,0xb31f66aa3c1e785363f0875a1b74e27b85fd66c7
255,FROST/WAVAX,0x95a094790671bf61ca9970d2b2c9d4aa0c5ef5ad,0x320ada89dbfa3a154613d2731c9bc3a4030dba19,0xb31f66aa3c1e785363f0875a1b74e27b85fd66c7
256,WETH.e/DAI.e,0x7ca47c7c50d6a48f90b3bb472a9cecd91edc7884,0x49d5c2bdffac6ce2bfdb6640f4f80f226bc10bab,0xd586e7f844cea2f87f50152665bcbc2c279d8d70
257,FM/USDT.e,0x393fdeb9eb0c190372969e5f10a8b86e70609959,0x03943c3ef00d92e130185cebc0bcc435def2cc94,0xc7198437980c041c805a1edcba50c1ce5db95118
258,MIM/PTP,0x027d7bd752cce874561792cc293cd9f47e0a747d,0x130966628846bfd36ff31a822705796e8cb8c18d,0x22d4002028f537599be9f666d1c4fa138522f9c8
259,KITSU/WAVAX,0x06e893b1c41ebac52c9030cc019ef5a69b2257e8,0x68e10906b190321591fb8d7e667e731760d2ebf0,0xb31f66aa3c1e785363f0875a1b74e27b85fd66c7
260,ODON/WAVAX,0x1f747042c0a2ff571f04ac1d1510572dee55c9f9,0x6a1e8479643bf2a970eb566a3170d889ad9ade7b,0xb31f66aa3c1e785363f0875a1b74e27b85fd66c7
261,TOKEN_FAKE/USDT_FAKE,0x218407bf512af30ace717c9cf322f951d116e88b,0x3493749d7ab801e8ba9b03da7595203a97d3d7a0,0x4601ab5bef376d276775a901efbefa2f89362ffb
262,GRAPE/WINE,0x250cd25f33baf60ad2768d0a6a492b074d8a25a0,0x5541d83efad1f281571b343977648b75d95cdac2,0xc55036b5348cfb45a932481744645985010d3a44
263,CRMSO/WAVAX,0x3944f2f605f80c491c564a6914f38f734a5e97b1,0xa7809bc3ee459fc7e0b0496ffa6aaa177dd51821,0xb31f66aa3c1e785363f0875a1b74e27b85fd66c7
264,YAW100/YAW,0x41035d66b695914452851f7d01898199272e0d72,0x3893c15fc570487e745c9fb5c1093cdd226ad64e,0x93ca13028aa1658327e65f18d3f68f9905f8436e
265,KITSU/WAVAX,0x42ef8d041afae686b357d90d7de82dbaf7aa4d66,0x46c9754a08cfabab72493a3385b7ff3eb8fe76c1,0xb31f66aa3c1e785363f0875a1b74e27b85fd66c7
266,LYD/USDT,0x46569857a37771ba898a28b778fb20b72d885173,0x4c9b4e1ac6f24cde3660d5e4ef1ebf77c710c084,0xde3a24028580884448a5397872046a019649b084
267,GFI/GTPS,0x47d67c86a1f5b91e8455f84170b068df704f3b26,0x5e7bd0a28da3f84fad28617959d82d64e1239800,0xbe217b06d3233d56938aa2a8cd1ac728c9dc848a
268,MIM/ICE,0x4ccddb4f289811988dc674593de9d65922cdf0b8,0x130966628846bfd36ff31a822705796e8cb8c18d,0x9235b893a3e61a14b2d02a91ec1394fbf411689e
269,AURORA/WAVAX,0x4f4940fc0a0af7184c4165aacb483957ab62e96b,0xa9d633a1ac5aa995c5e4f7d915ade1be565a97e8,0xb31f66aa3c1e785363f0875a1b74e27b85fd66c7
270,TIME/GG,0x516c10da99faa74d4597a5e0f72bf8b62a34f28c,0xb54f16fb19478766a268f172c9480f8da1a7c9c3,0xf2f7ce610a091b94d41d69f4ff1129434a82e2f0
271,KITSU/WAVAX,0x523b1b7788ae3c0c830f984474ebfc060bdfb891,0x365d19cd734ef0872cea6e267d7ff6340fad200c,0xb31f66aa3c1e785363f0875a1b74e27b85fd66c7
272,WAVAX/DEMON,0x56f2c8c9bce12e3519f4322f32d62c9e8997d8db,0xb31f66aa3c1e785363f0875a1b74e27b85fd66c7,0xf4c1418a7539ee5f4f418fdfdc833210847d6082
273,SAFO/WAVAX,0x5ae05320976c8b1c37e81b2e77a0b6814500d077,0x76b7285877c3bae817570e47f0971f81b904bfb7,0xb31f66aa3c1e785363f0875a1b74e27b85fd66c7
274,Susuwatari/WAVAX,0x5b21243564c32b798880488563cd6c33a864ccf3,0x36b6d3f348916c34d619ca1e69a308a5ea71ea17,0xb31f66aa3c1e785363f0875a1b74e27b85fd66c7
275,GTPS/GTPS,0x5b55e9fddcb1d8717dd84cc7721419bdfa63dd32,0x0fc6bed37833fcc6381b36e7ef7534be8029a9c3,0xbe217b06d3233d56938aa2a8cd1ac728c9dc848a
276,USDC.e/CERBY,0x5ecfca21f29366ab9e8e1f2c7de56cdb96037c21,0xa7d7079b0fead91f3e65f86e8915cb59c1a4c664,0xdef1fac7bf08f173d286bbbdcbeeade695129840
277,MIM3CRV-f/BINGUS,0x630907fa6ba197aa2629654340cbd588c52e5944,0x30df229cefa463e991e29d42db0bae2e122b2ac7,0x5ac3786cbe72b1b7b313692a37ac850545b6c749
278,AVARK/WAVAX,0x644d6365e287eedc99a7ccc1977c19a5650c61a4,0x467af0fb4fbdf658d060cff4c09c40d634aa66e2,0xb31f66aa3c1e785363f0875a1b74e27b85fd66c7
279,GTPS/GFI,0x6ba26c5d46c94d372c8abbcfdc673571c6c6dd1e,0x0fc6bed37833fcc6381b36e7ef7534be8029a9c3,0x5e7bd0a28da3f84fad28617959d82d64e1239800
280,WAVAX/WRSH,0x6ed8e1fea8fb42f73ab94a559f832643f657b8c3,0xb31f66aa3c1e785363f0875a1b74e27b85fd66c7,0xe4d40c37905d08b08b2dd60e445ab287ef353e65
281,FAE/WAVAX,0x6f8d57a2254ff0badd9e6086fad9924f29c663d6,0x9f6d821b80f0ac23a6e06b863c560d465a1e8c46,0xb31f66aa3c1e785363f0875a1b74e27b85fd66c7
282,SUSHI/ETH,0x766885cf6617c1c4e52033c9283059b779688765,0x39cf1bd5f15fb22ec3d9ff86b0727afc203427cc,0xf20d962a6c8f70c731bd838a3a388d7d48fa6e15
283,MIM/DIGITS,0x7ad3509fdb4992a20f6acd8ed0ae48f10a6d2135,0x130966628846bfd36ff31a822705796e8cb8c18d,0x588d693921929b8552bd576db60b5bcd23be1394
284,MIM/SDOG,0x80a483b8dd375b1a20de8a0c08602bc95a30d35f,0x130966628846bfd36ff31a822705796e8cb8c18d,0xde9e52f1838951e4d2bb6c59723b003c353979b6
285,Tester/WAVAX,0x8af7d6c0906f0fa10ce5c4b1894f684f1f14a3a8,0x309e29bb5b41b1b693544efe4cba9263d39c4ba9,0xb31f66aa3c1e785363f0875a1b74e27b85fd66c7
286,PSP/PSP,0x90df3821876274b40e1439907f7042f22980499b,0x31188f0e623055dabf7d030a4ab05eacd4638565,0xb7b18497d542e37e4dc7e6cda7efe94931e9ba2a
287,MIM/CROWN,0x922e679333d9751e7ec5538c861b7e068837d91a,0x130966628846bfd36ff31a822705796e8cb8c18d,0xed46443c18e38064523180fc364c6180b35803d3
288,SUSHI/PNG,0x927fba48ed03f5c9c127511499d1e8c23a3cf8ef,0x39cf1bd5f15fb22ec3d9ff86b0727afc203427cc,0x60781c2586d68229fde47564546784ab3faca982
289,AYLD/WAVAX,0x979a33a1bf0894f7329450ec7f1b084ce34a9dea,0x416d877b11d4ecb09017b1d48cd32cf110312630,0xb31f66aa3c1e785363f0875a1b74e27b85fd66c7
290,TMOON/WAVAX,0x9f493e6e74fc84996cceec2721929ce3213b70d5,0x97746e000d68943e009569917c3dc94d2458e996,0xb31f66aa3c1e785363f0875a1b74e27b85fd66c7
291,WAVAX/Adi,0xa6ae2bd050902cb513f78ce3786feb3448650e6e,0xb31f66aa3c1e785363f0875a1b74e27b85fd66c7,0xf3e85d55f2fed5cf05451251956ca2a7d01e2a6a
292,USDT.e/iBONE,0xad070689e55adb2ed9b2384a466751d32392c329,0xc7198437980c041c805a1edcba50c1ce5db95118,0xfc9c0bec72d59ea9e117ff57e4ec494855c86abc
293,MAG/wMAG,0xc56187f96a78ae17bad88df39b2beebc02cf26de,0x1d60109178c48e4a937d8ab71699d8ebb6f7c5de,0xdd4115bbbc2555d3d3053ff42ade45bebc2f2ddc
294,SNR/SNRW,0xc886a81d128d1ab42564d07333d02ca4b8ab5d0d,0x0c56938dc4be6fc6b5641445be21644797ce251a,0xe677bdc4f5ac7ef7701f4199f25abad34d41fd7f
295,TIME/fWAVAX,0xd3a499bb6be8d5d60e783212b8aa521dd6aa7c67,0xba03f1886f3659bf30b87ac8a03949602c4664a3,0xf06624d005c62e7263207d7d2d9a5cd590e7aa39
296,AF/WAVAX,0xd602f16f5bd78731cf6b2447ec7caff0bc01c9fd,0x30049da4f5a57bff7c3df3422413f88f32e13cf1,0xb31f66aa3c1e785363f0875a1b74e27b85fd66c7
297,SAFUU/WAVAX,0xdff5bc696c32dd6cdd9a83f5190201670e39d3e8,0x453922c505d6ba219d0fade04013f0534c54046b,0xb31f66aa3c1e785363f0875a1b74e27b85fd66c7
298,BSGG/USDt,0xe6a9c58f5f391f2de7fbd1308d27c5aca2558425,0x63682bdc5f875e9bf69e201550658492c9763f89,0x9702230a8ea53601f5cd2dc00fdbc13d4df4a8c7
299,WAVAX/ATST,0xe9b0fd03e1ce74f96aff953ac20b250c4974cfc9,0xb31f66aa3c1e785363f0875a1b74e27b85fd66c7,0xdc9bcb8d3e586f452b1a95b57bbd3845c51e7c38
300,SUSHI/AAVE,0xea75537c35d26633071cf25f7f061b13e4e36b54,0x39cf1bd5f15fb22ec3d9ff86b0727afc203427cc,0x8ce2dee54bb9921a2ae0a63dbb2df8ed88b91dd9
301,fUSDT/fBTC,0xef26750a2d1645c2e6488afa18f1fb9870aff6d9,0x1ddf8d5f0d67539e841be7405815bc0e4cd10783,0x49f87f6c09b22cbc19e2d41258ca76e0bbe7aa72
302,TST$/DOB,0xf0a57907f4abf14cb8ba7a829ed61332c4881bd7,0x194e63b8ef97fe6bea0f39344598547630048746,0xa33e681e098772ad910240f9692f5f8f3e2e9dd8
303,NGMI/WAVAX,0xf4caf7b62728a73c0558ea741cf41365e55826c9,0x463de4fce991763c1612c3f08c6c5d95579134a0,0xb31f66aa3c1e785363f0875a1b74e27b85fd66c7
304,SS/DAI.e,0xfc00c4b53f10cd1aca063dd5d999cac612d1f6c4,0x7064ca2735cea24cb84a974f2b960d1e842b42bf,0xd586e7f844cea2f87f50152665bcbc2c279d8d70
305,SUSHI/PEFI,0xfd4cbd1bbf1088a02a4d0de6b59e5f4448596f0e,0x39cf1bd5f15fb22ec3d9ff86b0727afc203427cc,0xe896cdeaac9615145c0ca09c8cd5c25bced6384c
