,Unnamed: 0.8,Unnamed: 0.7,Unnamed: 0.6,Unnamed: 0.5,Unnamed: 0.4,Unnamed: 0.3,Unnamed: 0.2,Unnamed: 0.1,Unnamed: 0,TOKEN_ADDRESS,DECIMALS
0,0,0,0,0,0,0,0,0,0,0x0da67235dd5787d67955420c84ca1cecd4e5bb3b,18
1,1,1,1,1,1,1,1,1,1,0x237917e8a998b37759c8ee2faa529d60c66c2927,18
2,2,2,2,2,2,2,2,2,2,0x18e2269f98db2eda3cfc06e6cca384b291e553d9,18
3,3,3,3,3,3,3,3,3,3,0x130966628846bfd36ff31a822705796e8cb8c18d,18
4,4,4,4,4,4,4,4,4,4,0x75739a693459f33b1fbcc02099eea3ebcf150cbe,18
5,5,5,5,5,5,5,5,5,5,0x3ee97d514bbef95a2f110e6b9b73824719030f7a,18
6,6,6,6,6,6,6,6,6,6,0xb31f66aa3c1e785363f0875a1b74e27b85fd66c7,18
7,7,7,7,7,7,7,7,7,7,0xa7d7079b0fead91f3e65f86e8915cb59c1a4c664,6
8,8,8,8,8,8,8,8,8,8,0x49d5c2bdffac6ce2bfdb6640f4f80f226bc10bab,18
9,9,9,9,9,9,9,9,9,9,0x94a7f270cd12545a277e656266aef5e27df3eb28,18
10,10,10,10,10,10,10,10,10,10,0x2597dc2c0cfaeb1d6e02d365658e6e31cfc9cff0,18
11,11,11,11,11,11,11,11,11,11,0xa33fac40f62b7aa975d8835eaa8a4df8b74161bd,18
12,12,12,12,12,12,12,12,12,12,0x885748fd6b1011363159b8376236468c4039ac7a,18
13,13,13,13,13,13,13,13,13,13,0x37b608519f91f70f2eeb0e5ed9af4061722e4f76,18
14,14,14,14,14,14,14,14,14,14,0x672d459acb1bca9be286ece0cf1e6aa776ee04af,18
15,15,15,15,15,15,15,15,15,15,0x6c7b8dc81ae49ea793998a0c784db9bc05981a3c,18
16,16,16,16,16,16,16,16,16,16,0x264c1383ea520f73dd837f915ef3a732e204a493,18
17,17,17,17,17,17,17,17,17,17,0x8810dc193ba78b0db831687ebb8d79f24a8b5e81,9
18,18,18,18,18,18,18,18,18,18,0x136acd46c134e8269052c62a67042d6bdedde3c9,9
19,19,19,19,19,19,19,19,19,19,0x628745700716a547912f23e89ad86007d93e1b82,18
20,20,20,20,20,20,20,20,20,20,0x57319d41f71e81f3c65f2a47ca4e001ebafd4f33,18
21,21,21,21,21,21,21,21,21,21,0xd586e7f844cea2f87f50152665bcbc2c279d8d70,18
22,22,22,22,22,22,22,22,22,22,0x38b5ff140c4377fd4756fead5110e3bd5251eda8,18
23,23,23,23,23,23,23,23,23,23,0xa87e1377b4e2bfa03a822e4248cb5c5b13a61e92,18
24,24,24,24,24,24,24,24,24,24,0x50b7545627a5162f82a992c33b87adc75187b218,8
25,25,25,25,25,25,25,25,25,25,0x436e29d38f81afafa08903c5dc268b6be5722e1b,18
26,26,26,26,26,26,26,26,26,26,0xc0b84a8e91aa93205d4342fd73c0a84141030799,18
27,27,27,27,27,27,27,27,27,27,0x1fe7801aaaaead28662c268775e43c1baef5b54d,18
28,28,28,28,28,28,28,28,28,28,0x63682bdc5f875e9bf69e201550658492c9763f89,18
29,29,29,29,29,29,29,29,29,29,0x61a47034276eb993e1c5e67bf1375ad0a48f10f6,9
30,30,30,30,30,30,30,30,30,30,0x23f07a1c03e7c6d0c88e0e05e79b6e3511073fd5,8
31,31,31,31,31,31,31,31,31,31,0x39cf1bd5f15fb22ec3d9ff86b0727afc203427cc,18
32,32,32,32,32,32,32,32,32,32,0x62a1884539b902aee666e88a2c5a364f9b397d76,18
33,33,33,33,33,33,33,33,33,33,0x194e63b8ef97fe6bea0f39344598547630048746,18
34,34,34,34,34,34,34,34,34,34,0x8031c44b96ec8c9b66ab16c2c164e8deeb361a3f,18
35,35,35,35,35,35,35,35,35,35,0x61ed1c66239d29cc93c8597c6167159e8f69a823,18
36,36,36,36,36,36,36,36,36,36,0x53d6cb1396e8ba6d09c553409ccc34f98530d57f,10
37,37,37,37,37,37,37,37,37,37,0x2c1309b52efbf69e3cc497594ad002362f254624,12
38,38,38,38,38,38,38,38,38,38,0x47afacadc6773dc4b8177bc7ac3dd96383800380,18
39,39,39,39,39,39,39,39,39,39,0x8d4416fd511895227aa46e7bb655203bef3dcab4,18
40,40,40,40,40,40,40,40,40,40,0x8835f17f07214754bef9180756eeb7c6da116606,18
41,41,41,41,41,41,41,41,41,41,0x592eb2f978c71dbbb36ef5d3064a32206bd22a21,18
42,42,42,42,42,42,42,42,42,42,0x63a72806098bd3d9520cc43356dd78afe5d386d9,18
43,43,43,43,43,43,43,43,43,43,0xaff6268287211783ca7c9934d5234765f57e98b6,18
44,44,44,44,44,44,44,44,44,44,0xc7198437980c041c805a1edcba50c1ce5db95118,6
45,45,45,45,45,45,45,45,45,45,0x9298753d77238d244bc0318bab9d774dea5238a4,18
46,46,46,46,46,46,46,46,46,46,0x10a90575183e8d9c3cc09b684124c58e7c3aeeb0,5
47,47,47,47,47,47,47,47,47,47,0x4d8d24968458af521ef02aefd95f161df3f9ea01,18
48,48,48,48,48,48,48,48,48,48,0xa608d79c5f695c0d4c0e773a4938b57e18e0fc57,6
49,49,49,49,49,49,49,49,49,49,0x5de95b9e4c2b0fcbc225c797b45a84c4f8499f1a,18
50,50,50,50,50,50,50,50,50,50,0x60781c2586d68229fde47564546784ab3faca982,18
51,51,51,51,51,51,51,51,51,51,0x061900514d805c1722be288c090985d29370972d,9
52,52,52,52,52,52,52,52,52,52,0x704eae6d452ca63ce479c59727177c5f3ba0d90c,8
53,53,53,53,53,53,53,53,53,53,0x64bc251b0eb9200948c9155573cd459c5e17c6a4,18
54,54,54,54,54,54,54,54,54,54,0x008e26068b3eb40b443d3ea88c1ff99b789c10f7,18
55,55,55,55,55,55,55,55,55,55,0x296865984b9a240d3fc50077a1bf28deeec164cf,9
56,56,56,56,56,56,56,56,56,56,0x7d60c4862bf03905cebf9af435cf9229525361d4,18
57,57,57,57,57,57,57,57,57,57,0x45cdaf3fd17bd31d9830fa977159162dd2431683,18
58,58,58,58,58,58,58,58,58,58,0x6d923f688c7ff287dc3a5943caeefc994f97b290,18
59,59,59,59,59,59,59,59,59,59,0x5bcde17c50652ad6148c970f10bf06647137a7e4,18
60,60,60,60,60,60,60,60,60,60,0x39912d83acb4a373321387300f4fbe88aa5d6f14,9
61,61,61,61,61,61,61,61,61,61,0x8bb0b9d6e637249b32f4c45f9eefe73d4a1ea9cc,18
62,62,62,62,62,62,62,62,62,62,0x625fc9bb971bb305a2ad63252665dcfe9098bee9,18
63,63,63,63,63,63,63,63,63,63,0x1de16c67253f1359999f2edf4bb483cfaea23c93,18
64,64,64,64,64,64,64,64,64,64,0x3980c6af4c39253fe560bb3e5a77581f5d69dafc,18
65,65,65,65,65,65,65,65,65,65,0x718a00c9cdacb4bbdaa824497ee3fe699f0d74f8,18
66,66,66,66,66,66,66,66,66,66,0x135f60309b7ed333fdbe1b64019da721e5dc0036,18
67,67,67,67,67,67,67,67,67,67,0x1c47a860276407a57349ab6aa37d4935522e9942,18
68,68,68,68,68,68,68,68,68,68,0x3893c15fc570487e745c9fb5c1093cdd226ad64e,18
69,69,69,69,69,69,69,69,69,69,0x01fa33e38fed26bc9568b8cb595c76b46fe3a1b6,18
70,70,70,70,70,70,70,70,70,70,0x5bb7c73e0939cd985e2184ee751f9193e599052b,18
71,71,71,71,71,71,71,71,71,71,0x5279d013f9bdfe00a0ed20c03ae0217b760def88,18
72,72,72,72,72,72,72,72,72,72,0x563ca8141849cdbc70201554b6cf20a2d469ea81,8
73,73,73,73,73,73,73,73,73,73,0xa32608e873f9ddef944b24798db69d80bbb4d1ed,18
74,74,74,74,74,74,74,74,74,74,0x3eefb18003d033661f84e48360ebecd181a84709,18
75,75,75,75,75,75,75,75,75,75,0x4a3418ebc0315092d87fb2c6297f552768cc4c74,8
76,76,76,76,76,76,76,76,76,76,0x18befca3669d727987c528ed808a8ef27bcdc543,8
77,77,77,77,77,77,77,77,77,77,0x02d980a0d7af3fb7cf7df8cb35d9edbcf355f665,18
78,78,78,78,78,78,78,78,78,78,0x36382b14f1e7a70d71e5a6c31f9d5d917707a70f,3
79,79,79,79,79,79,79,79,79,79,0x33c7ca334a963e9c8c8b105aa097a7e392a286c7,8
80,80,80,80,80,80,80,80,80,80,0x46d4bd30c19043241fce27eeb03f4c648b4e4c24,18
81,81,81,81,81,81,81,81,81,81,0x8729438eb15e2c8b576fcc6aecda6a148776c0f5,18
82,82,82,82,82,82,82,82,82,82,0x027dbca046ca156de9622cd1e2d907d375e53aa7,9
83,83,83,83,83,83,83,83,83,83,0x8a0cac13c7da965a312f08ea4229c37869e85cb9,18
84,84,84,84,84,84,84,84,84,84,0x6e84a6216ea6dacc71ee8e6b0a5b7322eebc0fdd,18
85,85,85,85,85,85,85,85,85,85,0x27c272d56a043d57e1c8c86a974052103774bdbf,18
86,86,86,86,86,86,86,86,86,86,0x551267b11706b0fcca2ba621661ea83400526c12,18
87,87,87,87,87,87,87,87,87,87,0x02fe8adc1b58a63ccb1bb8c39930dcedd7cef4db,18
88,88,88,88,88,88,88,88,88,88,0x0fc6bed37833fcc6381b36e7ef7534be8029a9c3,18
89,89,89,89,89,89,89,89,89,89,0x11b087545a5b6c8b6db20a4b910860f5a75e1d8c,18
90,90,90,90,90,90,90,90,90,90,0x408d4cd0adb7cebd1f1a1c33a0ba2098e1295bab,8
91,91,91,91,91,91,91,91,91,91,0xde3a24028580884448a5397872046a019649b084,6
92,92,92,92,92,92,92,92,92,92,0x9e20af05ab5fed467dfdd5bb5752f7d5410c832e,18
93,93,93,93,93,93,93,93,93,93,0x6afd5a1ea4b793cc1526d6dc7e99a608b356ef7b,18
94,94,94,94,94,94,94,94,94,94,0x596fa47043f99a4e0f122243b841e55375cde0d2,18
95,95,95,95,95,95,95,95,95,95,0xb0a6e056b587d0a85640b39b1cb44086f7a26a1e,18
96,96,96,96,96,96,96,96,96,96,0x637afeff75ca669ff92e4570b14d6399a658902f,18
97,97,97,97,97,97,97,97,97,97,0x5947bb275c521040051d82396192181b413227a3,18
98,98,98,98,98,98,98,98,98,98,0x270ae074bafa4f8b2751363721badc81a09dc0b0,18
99,99,99,99,99,99,99,99,99,99,0x78bf833aae77ebf62c21a9a5a6993a691810f2e1,9
100,100,100,100,100,100,100,100,100,100,0x9e6832d13b29d0b1c1c3465242681039b31c7a05,18
101,101,101,101,101,101,101,101,101,101,0x85dbd0acbcbb4621a2e2b1fd198119b79f76016c,18
102,102,102,102,102,102,102,102,102,102,0x93ca13028aa1658327e65f18d3f68f9905f8436e,18
103,103,103,103,103,103,103,103,103,103,0x47eb6f7525c1aa999fbc9ee92715f5231eb1241d,18
104,104,104,104,104,104,104,104,104,104,0x93eb4003a17119cbc3704dfd2cf218b5f2837fc6,9
105,105,105,105,105,105,105,105,105,105,0x38b00fdf5f57831ca168676a71d860d1f084c84c,18
106,106,106,106,106,106,106,106,106,106,0x959b88966fc5b261df8359961357d34f4ee27b4a,18
107,107,107,107,107,107,107,107,107,107,0x59167b7449e942b893dcc2d3e0d403701ab3e1c8,18
108,108,108,108,108,108,108,108,108,108,0x4acce12425695debf1c54c40423db998adf41d9b,18
109,109,109,109,109,109,109,109,109,109,0x321e7092a180bb43555132ec53aaa65a5bf84251,18
110,110,110,110,110,110,110,110,110,110,0x6e7f5c0b9f4432716bdd0a77a3601291b9d9e985,9
111,111,111,111,111,111,111,111,111,111,0xb147656604217a03fe2c73c4838770df8d9d21b8,18
112,112,112,112,112,112,112,112,112,112,0x656b51cb40292f60bbbbb80262bafc28ca7115d5,18
113,113,113,113,113,113,113,113,113,113,0x260bbf5698121eb85e7a74f2e45e16ce762ebe11,6
114,114,114,114,114,114,114,114,114,114,0xafc43610c7840b20b90caaf93759be5b54b291c9,18
115,115,115,115,115,115,115,115,115,115,0x74a9521f9a8777bbf92ef769c5d61f251d0adffe,18
116,116,116,116,116,116,116,116,116,116,0x52768a41443eb50bce4f1f8463d212ab31f56949,18
117,117,117,117,117,117,117,117,117,117,0x37e0242c1f261802439558b618108aceb0b50f6b,18
118,118,118,118,118,118,118,118,118,118,0x72699ba15cc734f8db874fa9652c8de12093f187,18
119,119,119,119,119,119,119,119,119,119,0x5472e93626803ff5c8821d98e8608c39ca33a11c,9
120,120,120,120,120,120,120,120,120,120,0x7194cb1e942ba5c8e4801e953bfc801f0b737439,9
121,121,121,121,121,121,121,121,121,121,0xa4ed6a8b07416ce77a6d4b3f124cf8f3a5b76b96,18
122,122,122,122,122,122,122,122,122,122,0x9510880baae443c1af131dca014154953590c337,18
123,123,123,123,123,123,123,123,123,123,0x12aa123ef603a38075c32e054aedf76e8ae52b90,18
124,124,124,124,124,124,124,124,124,124,0x937e077abaea52d3abf879c9b9d3f2ebd15baa21,18
125,125,125,125,125,125,125,125,125,125,0x47536f17f4ff30e64a96a7555826b8f9e66ec468,18
126,126,126,126,126,126,126,126,126,126,0xb97ef9ef8734c71904d8002f8b6bc66dd9c48a6e,6
127,127,127,127,127,127,127,127,127,127,0x22d4002028f537599be9f666d1c4fa138522f9c8,18
128,128,128,128,128,128,128,128,128,128,0x320ada89dbfa3a154613d2731c9bc3a4030dba19,18
129,129,129,129,129,129,129,129,129,129,0x03943c3ef00d92e130185cebc0bcc435def2cc94,18
130,130,130,130,130,130,130,130,130,130,0x68e10906b190321591fb8d7e667e731760d2ebf0,18
131,131,131,131,131,131,131,131,131,131,0x6a1e8479643bf2a970eb566a3170d889ad9ade7b,18
132,132,132,132,132,132,132,132,132,132,0x3493749d7ab801e8ba9b03da7595203a97d3d7a0,18
133,133,133,133,133,133,133,133,133,133,0x5541d83efad1f281571b343977648b75d95cdac2,18
134,134,134,134,134,134,134,134,134,134,0xa7809bc3ee459fc7e0b0496ffa6aaa177dd51821,18
135,135,135,135,135,135,135,135,135,135,0x46c9754a08cfabab72493a3385b7ff3eb8fe76c1,18
136,136,136,136,136,136,136,136,136,136,0x4c9b4e1ac6f24cde3660d5e4ef1ebf77c710c084,18
137,137,137,137,137,137,137,137,137,137,0x5e7bd0a28da3f84fad28617959d82d64e1239800,18
138,138,138,138,138,138,138,138,138,138,0xa9d633a1ac5aa995c5e4f7d915ade1be565a97e8,18
139,139,139,139,139,139,139,139,139,139,0xb54f16fb19478766a268f172c9480f8da1a7c9c3,9
140,140,140,140,140,140,140,140,140,140,0x365d19cd734ef0872cea6e267d7ff6340fad200c,18
141,141,141,141,141,141,141,141,141,141,0x76b7285877c3bae817570e47f0971f81b904bfb7,18
142,142,142,142,142,142,142,142,142,142,0x36b6d3f348916c34d619ca1e69a308a5ea71ea17,9
143,143,143,143,143,143,143,143,143,143,0x30df229cefa463e991e29d42db0bae2e122b2ac7,18
144,144,144,144,144,144,144,144,144,144,0x467af0fb4fbdf658d060cff4c09c40d634aa66e2,18
145,145,145,145,145,145,145,145,145,145,0x9f6d821b80f0ac23a6e06b863c560d465a1e8c46,18
146,146,146,146,146,146,146,146,146,146,0x309e29bb5b41b1b693544efe4cba9263d39c4ba9,18
147,147,147,147,147,147,147,147,147,147,0x31188f0e623055dabf7d030a4ab05eacd4638565,18
148,148,148,148,148,148,148,148,148,148,0x416d877b11d4ecb09017b1d48cd32cf110312630,18
149,149,149,149,149,149,149,149,149,149,0x97746e000d68943e009569917c3dc94d2458e996,18
150,150,150,150,150,150,150,150,150,150,0x1d60109178c48e4a937d8ab71699d8ebb6f7c5de,9
151,151,151,151,151,151,151,151,151,151,0x0c56938dc4be6fc6b5641445be21644797ce251a,18
152,152,152,152,152,152,152,152,152,152,0xba03f1886f3659bf30b87ac8a03949602c4664a3,9
153,153,153,153,153,153,153,153,153,153,0x30049da4f5a57bff7c3df3422413f88f32e13cf1,18
154,154,154,154,154,154,154,154,154,154,0x453922c505d6ba219d0fade04013f0534c54046b,5
155,155,155,155,155,155,155,155,155,155,0x1ddf8d5f0d67539e841be7405815bc0e4cd10783,18
156,156,156,156,156,156,156,156,156,156,0x463de4fce991763c1612c3f08c6c5d95579134a0,18
157,157,157,157,157,157,157,157,157,157,0x7064ca2735cea24cb84a974f2b960d1e842b42bf,18
158,158,158,158,158,158,158,158,158,158,0xce1bffbd5374dac86a2893119683f4911a2f7814,18
159,159,159,159,159,159,159,159,159,159,0xcd1bb91f4eca93217421316480ca7d7c315827e5,9
160,160,160,160,160,160,160,160,160,160,0xd806a4a473e44578796898a4c546f575d7247b2b,18
161,161,161,161,161,161,161,161,161,161,0xd036414fa2bcbb802691491e323bff1348c5f4ba,18
162,162,162,162,162,162,162,162,162,162,0xe896cdeaac9615145c0ca09c8cd5c25bced6384c,18
163,163,163,163,163,163,163,163,163,163,0xf20d962a6c8f70c731bd838a3a388d7d48fa6e15,18
164,164,164,164,164,164,164,164,164,164,0xbd80cfa9d93a87d1bb895f810ea348e496611cd4,18
165,165,165,165,165,165,165,165,165,165,0xd7c295e399ca928a3a14b01d760e794f1adf8990,18
166,166,166,166,166,166,166,166,166,166,0xf9e1a4866f344495e1956d59a7e2bcebb0bfbfaf,18
167,167,167,167,167,167,167,167,167,167,0xd3f12f3bb379ee6432de9a6ea3174f80c0d23e4e,18
168,168,168,168,168,168,168,168,168,168,0xd54e41a0be7ad7a59384d5972d47cb003134b380,18
169,169,169,169,169,169,169,169,169,169,0xe0474c15bc7f8213ee5bfb42f9e68b2d6be2e136,9
170,170,170,170,170,170,170,170,170,170,0xd0c893034fc04f603b1d71b00a39923342d312f4,18
171,171,171,171,171,171,171,171,171,171,0xf39f9671906d8630812f9d9863bbef5d523c84ab,18
172,172,172,172,172,172,172,172,172,172,0xb3fe5374f67d7a22886a0ee082b2e2f9d2651651,18
173,173,173,173,173,173,173,173,173,173,0xd48e5873db000e862cea4fd17a07162b9026ee4b,18
174,174,174,174,174,174,174,174,174,174,0xcab9980aa9ea8a84f33f6ead1883db4d48d9e130,18
175,175,175,175,175,175,175,175,175,175,0xfd46f44a5ad3227a7325b695b6ea1aa549862309,9
176,176,176,176,176,176,176,176,176,176,0xc0367f9b1f84ca8de127226ac2a994ea4bf1e41b,18
177,177,177,177,177,177,177,177,177,177,0xe9d00cbc5f02614d7281d742e6e815a47ce31107,9
178,178,178,178,178,178,178,178,178,178,0xbe217b06d3233d56938aa2a8cd1ac728c9dc848a,18
179,179,179,179,179,179,179,179,179,179,0xc55036b5348cfb45a932481744645985010d3a44,18
180,180,180,180,180,180,180,180,180,180,0xcf8e47742f02f8240dd7655aec207b02de45d998,18
181,181,181,181,181,181,181,181,181,181,0x4d308c46ea9f234ea515cc51f16fba776451cac8,18
182,182,182,182,182,182,182,182,182,182,0xd88b18a20fcf47d62aac91a1db5f3857f3433783,18
183,183,183,183,183,183,183,183,183,183,0xe8ac210cd57d5672c24d7a88e8940897ecfa493c,8
184,184,184,184,184,184,184,184,184,184,0xb85fa42dcb31a1733a4f816bd6aa966614316fbd,18
185,185,185,185,185,185,185,185,185,185,0xec3492a2508ddf4fdc0cd76f31f340b30d1793e6,18
186,186,186,186,186,186,186,186,186,186,0xf3c18b71080defee88afbf957e1ed468a03b8d53,18
187,187,187,187,187,187,187,187,187,187,0xefc42fc9c5d607bed3ed45c2895e60c9aba9110a,18
188,188,188,188,188,188,188,188,188,188,0xfb98b335551a418cd0737375a2ea0ded62ea213b,18
189,189,189,189,189,189,189,189,189,189,0xf8eb54c65eb9ade9b7c5e41b76058d284ebff472,18
190,190,190,190,190,190,190,190,190,190,0xea31cb7674b192ecda6d32fdfdd136cee651b6f2,18
191,191,191,191,191,191,191,191,191,191,0xd3fdec48a7a582c69ffab0a9749c6773e9eafcca,18
192,192,192,192,192,192,192,192,192,192,0xdc42728b0ea910349ed3c6e1c9dc06b5fb591f98,18
193,193,193,193,193,193,193,193,193,193,0xb506bc763cd80ed407a9d3f61080c4e82f7cb77e,18
194,194,194,194,194,194,194,194,194,194,0xfbca7ab8ecba28eaddfd189ebccb6fcde95b8e2a,18
195,195,195,195,195,195,195,195,195,195,0xf873633df9d5cdd62bb1f402499cc470a72a02d7,18
196,196,196,196,196,196,196,196,196,196,0xd79a36056c271b988c5f1953e664e61416a9820f,18
197,197,197,197,197,197,197,197,197,197,0xe0ce60af0850bf54072635e66e79df17082a1109,18
198,198,198,198,198,198,198,198,198,198,0xc7f4debc8072e23fe9259a5c0398326d8efb7f5c,18
199,199,199,199,199,199,199,199,199,199,0xe677bdc4f5ac7ef7701f4199f25abad34d41fd7f,18
200,200,200,200,200,200,200,200,200,200,0x1dff04513f5f50afb2cff7fc66f4fd84290e5d0e,18
201,201,201,201,201,201,201,201,201,201,0xba7deebbfc5fa1100fb055a87773e1e99cd3507a,18
202,202,202,202,202,202,202,202,202,202,0xcaf5191fc480f43e4df80106c7695eca56e48b18,18
203,203,203,203,203,203,203,203,203,203,0xd60e9ab480da5012d66b8c5f486bab57cf45e431,18
204,204,204,204,204,204,204,204,204,204,0xc38f41a296a4493ff429f1238e030924a1542e50,18
205,205,205,205,205,205,205,205,205,205,0xd4cf279b7352cd0bf9327cd2ecea078ebbed5676,18
206,206,206,206,206,206,206,206,206,206,0xdfc930a10177944a05ae598fba37c82f4c589b6d,18
207,207,207,207,207,207,207,207,207,207,0xbb92f804f2f1f9f1d68a14a5c6a17f242629d389,18
208,208,208,208,208,208,208,208,208,208,0x877ade8c5f4f9cccede050beb1f1a52554c707ce,9
209,209,209,209,209,209,209,209,209,209,0xd9f64084af01a73628fa79b1d65c5000795ddb99,18
210,210,210,210,210,210,210,210,210,210,0xf945e994d8b42157cc3806eaed6dc85bb10dabd0,9
211,211,211,211,211,211,211,211,211,211,0xfbb4a402adc589b06fff952d36f860dd78ea24be,18
212,212,212,212,212,212,212,212,212,212,0xf693248f96fe03422fea95ac0afbbbc4a8fdd172,18
213,213,213,213,213,213,213,213,213,213,0x4601ab5bef376d276775a901efbefa2f89362ffb,18
214,214,214,214,214,214,214,214,214,214,0x9235b893a3e61a14b2d02a91ec1394fbf411689e,9
215,215,215,215,215,215,215,215,215,215,0xf2f7ce610a091b94d41d69f4ff1129434a82e2f0,9
216,216,216,216,216,216,216,216,216,216,0xf4c1418a7539ee5f4f418fdfdc833210847d6082,9
217,217,217,217,217,217,217,217,217,217,0xdef1fac7bf08f173d286bbbdcbeeade695129840,18
218,218,218,218,218,218,218,218,218,218,0x5ac3786cbe72b1b7b313692a37ac850545b6c749,18
219,219,219,219,219,219,219,219,219,219,0xe4d40c37905d08b08b2dd60e445ab287ef353e65,18
220,220,220,220,220,220,220,220,220,220,0x588d693921929b8552bd576db60b5bcd23be1394,18
221,221,221,221,221,221,221,221,221,221,0xde9e52f1838951e4d2bb6c59723b003c353979b6,9
222,222,222,222,222,222,222,222,222,222,0xb7b18497d542e37e4dc7e6cda7efe94931e9ba2a,18
223,223,223,223,223,223,223,223,223,223,0xed46443c18e38064523180fc364c6180b35803d3,9
224,224,224,224,224,224,224,224,224,224,0xf3e85d55f2fed5cf05451251956ca2a7d01e2a6a,18
225,225,225,225,225,225,225,225,225,225,0xfc9c0bec72d59ea9e117ff57e4ec494855c86abc,18
226,226,226,226,226,226,226,226,226,226,0xdd4115bbbc2555d3d3053ff42ade45bebc2f2ddc,9
227,227,227,227,227,227,227,227,227,227,0xf06624d005c62e7263207d7d2d9a5cd590e7aa39,18
228,228,228,228,228,228,228,228,228,228,0x9702230a8ea53601f5cd2dc00fdbc13d4df4a8c7,6
229,229,229,229,229,229,229,229,229,229,0xdc9bcb8d3e586f452b1a95b57bbd3845c51e7c38,9
230,230,230,230,230,230,230,230,230,230,0x8ce2dee54bb9921a2ae0a63dbb2df8ed88b91dd9,18
231,231,231,231,231,231,231,231,231,231,0x49f87f6c09b22cbc19e2d41258ca76e0bbe7aa72,18
232,232,232,232,232,232,232,232,232,232,0xa33e681e098772ad910240f9692f5f8f3e2e9dd8,9
